Using pre-set license
Built from '2022.3/staging' branch; Version is '2022.3.55f1 (9f374180d209) revision 10434369'; Using compiler version '192829333'; Build Type 'Release'
OS: 'Windows 10  (10.0.19045) 64bit Professional' Language: 'en' Physical Memory: 16193 MB
BatchMode: 1, IsHumanControllingUs: 0, StartBugReporterOnCrash: 0, Is64bit: 1, IsPro: 1

COMMAND LINE ARGUMENTS:
C:\Program Files\Unity\Hub\Editor\2022.3.55f1\Editor\Unity.exe
-adb2
-batchMode
-noUpm
-name
AssetImportWorker1
-projectPath
C:/Users/Tom/Documents/GitHub/tactical-roguelite-2023-prototype
-logFile
Logs/AssetImportWorker1.log
-srvPort
53864
Successfully changed project path to: C:/Users/Tom/Documents/GitHub/tactical-roguelite-2023-prototype
C:/Users/Tom/Documents/GitHub/tactical-roguelite-2023-prototype
[UnityMemory] Configuration Parameters - Can be set up in boot.config
    "memorysetup-bucket-allocator-granularity=16"
    "memorysetup-bucket-allocator-bucket-count=8"
    "memorysetup-bucket-allocator-block-size=33554432"
    "memorysetup-bucket-allocator-block-count=8"
    "memorysetup-main-allocator-block-size=16777216"
    "memorysetup-thread-allocator-block-size=16777216"
    "memorysetup-gfx-main-allocator-block-size=16777216"
    "memorysetup-gfx-thread-allocator-block-size=16777216"
    "memorysetup-cache-allocator-block-size=4194304"
    "memorysetup-typetree-allocator-block-size=2097152"
    "memorysetup-profiler-bucket-allocator-granularity=16"
    "memorysetup-profiler-bucket-allocator-bucket-count=8"
    "memorysetup-profiler-bucket-allocator-block-size=33554432"
    "memorysetup-profiler-bucket-allocator-block-count=8"
    "memorysetup-profiler-allocator-block-size=16777216"
    "memorysetup-profiler-editor-allocator-block-size=1048576"
    "memorysetup-temp-allocator-size-main=16777216"
    "memorysetup-job-temp-allocator-block-size=2097152"
    "memorysetup-job-temp-allocator-block-size-background=1048576"
    "memorysetup-job-temp-allocator-reduction-small-platforms=262144"
    "memorysetup-allocator-temp-initial-block-size-main=262144"
    "memorysetup-allocator-temp-initial-block-size-worker=262144"
    "memorysetup-temp-allocator-size-background-worker=32768"
    "memorysetup-temp-allocator-size-job-worker=262144"
    "memorysetup-temp-allocator-size-preload-manager=33554432"
    "memorysetup-temp-allocator-size-nav-mesh-worker=65536"
    "memorysetup-temp-allocator-size-audio-worker=65536"
    "memorysetup-temp-allocator-size-cloud-worker=32768"
    "memorysetup-temp-allocator-size-gi-baking-worker=262144"
    "memorysetup-temp-allocator-size-gfx=262144"
Player connection [20936]  Target information:

Player connection [20936]  * "[IP] 192.168.0.110 [Port] 0 [Flags] 2 [Guid] 1823717000 [EditorId] 1823717000 [Version] 1048832 [Id] WindowsEditor(7,MSI) [Debug] 1 [PackageName] WindowsEditor [ProjectName] Editor" 

Player connection [20936] Host joined multi-casting on [225.0.0.222:54997]...
Player connection [20936] Host joined alternative multi-casting on [225.0.0.222:34997]...
[PhysX] Initialized MultithreadedTaskDispatcher with 16 workers.
Refreshing native plugins compatible for Editor in 3.19 ms, found 0 plugins.
Preloading 0 native plugins for Editor in 0.00 ms.
Initialize engine version: 2022.3.55f1 (9f374180d209)
[Subsystems] Discovering subsystems at path C:/Program Files/Unity/Hub/Editor/2022.3.55f1/Editor/Data/Resources/UnitySubsystems
[Subsystems] Discovering subsystems at path C:/Users/Tom/Documents/GitHub/tactical-roguelite-2023-prototype/Assets
GfxDevice: creating device client; threaded=0; jobified=0
Direct3D:
    Version:  Direct3D 11.0 [level 11.1]
    Renderer: NVIDIA GeForce RTX 2070 Super with Max-Q Design (ID=0x1e91)
    Vendor:   NVIDIA
    VRAM:     7989 MB
    Driver:   32.0.15.6636
Initialize mono
Mono path[0] = 'C:/Program Files/Unity/Hub/Editor/2022.3.55f1/Editor/Data/Managed'
Mono path[1] = 'C:/Program Files/Unity/Hub/Editor/2022.3.55f1/Editor/Data/MonoBleedingEdge/lib/mono/unityjit-win32'
Mono config path = 'C:/Program Files/Unity/Hub/Editor/2022.3.55f1/Editor/Data/MonoBleedingEdge/etc'
Using monoOptions --debugger-agent=transport=dt_socket,embedding=1,server=y,suspend=n,address=127.0.0.1:56292
Begin MonoManager ReloadAssembly
Registering precompiled unity dll's ...
Register platform support module: C:/Program Files/Unity/Hub/Editor/2022.3.55f1/Editor/Data/PlaybackEngines/WindowsStandaloneSupport/UnityEditor.WindowsStandalone.Extensions.dll
Register platform support module: C:/Program Files/Unity/Hub/Editor/2022.3.55f1/Editor/Data/PlaybackEngines/MetroSupport/UnityEditor.UWP.Extensions.dll
Registered in 0.020789 seconds.
- Loaded All Assemblies, in  1.430 seconds
Native extension for UWP target not found
Native extension for WindowsStandalone target not found
Mono: successfully reloaded assembly
- Finished resetting the current domain, in  0.481 seconds
Domain Reload Profiling: 1906ms
	BeginReloadAssembly (182ms)
		ExecutionOrderSort (0ms)
		DisableScriptedObjects (0ms)
		BackupInstance (0ms)
		ReleaseScriptingObjects (0ms)
		CreateAndSetChildDomain (1ms)
	RebuildCommonClasses (56ms)
	RebuildNativeTypeToScriptingClass (18ms)
	initialDomainReloadingComplete (117ms)
	LoadAllAssembliesAndSetupDomain (1052ms)
		LoadAssemblies (178ms)
		RebuildTransferFunctionScriptingTraits (0ms)
		AnalyzeDomain (1048ms)
			TypeCache.Refresh (1046ms)
				TypeCache.ScanAssembly (558ms)
			ScanForSourceGeneratedMonoScriptInfo (1ms)
			ResolveRequiredComponents (1ms)
	FinalizeReload (481ms)
		ReleaseScriptCaches (0ms)
		RebuildScriptCaches (0ms)
		SetupLoadedEditorAssemblies (399ms)
			LogAssemblyErrors (0ms)
			InitializePlatformSupportModulesInManaged (24ms)
			SetLoadedEditorAssemblies (11ms)
			RefreshPlugins (0ms)
			BeforeProcessingInitializeOnLoad (4ms)
			ProcessInitializeOnLoadAttributes (268ms)
			ProcessInitializeOnLoadMethodAttributes (91ms)
			AfterProcessingInitializeOnLoad (0ms)
			EditorAssembliesLoaded (0ms)
		ExecutionOrderSort2 (0ms)
		AwakeInstancesAfterBackupRestoration (0ms)
========================================================================
Worker process is ready to serve import requests
Caller must complete domain reload
Begin MonoManager ReloadAssembly
- Loaded All Assemblies, in  0.702 seconds
Native extension for UWP target not found
Native extension for WindowsStandalone target not found
Mono: successfully reloaded assembly
- Finished resetting the current domain, in  0.785 seconds
Domain Reload Profiling: 1483ms
	BeginReloadAssembly (247ms)
		ExecutionOrderSort (0ms)
		DisableScriptedObjects (10ms)
		BackupInstance (0ms)
		ReleaseScriptingObjects (0ms)
		CreateAndSetChildDomain (30ms)
	RebuildCommonClasses (54ms)
	RebuildNativeTypeToScriptingClass (18ms)
	initialDomainReloadingComplete (65ms)
	LoadAllAssembliesAndSetupDomain (312ms)
		LoadAssemblies (382ms)
		RebuildTransferFunctionScriptingTraits (0ms)
		AnalyzeDomain (79ms)
			TypeCache.Refresh (59ms)
				TypeCache.ScanAssembly (45ms)
			ScanForSourceGeneratedMonoScriptInfo (10ms)
			ResolveRequiredComponents (8ms)
	FinalizeReload (785ms)
		ReleaseScriptCaches (0ms)
		RebuildScriptCaches (0ms)
		SetupLoadedEditorAssemblies (564ms)
			LogAssemblyErrors (0ms)
			InitializePlatformSupportModulesInManaged (16ms)
			SetLoadedEditorAssemblies (8ms)
			RefreshPlugins (0ms)
			BeforeProcessingInitializeOnLoad (101ms)
			ProcessInitializeOnLoadAttributes (390ms)
			ProcessInitializeOnLoadMethodAttributes (33ms)
			AfterProcessingInitializeOnLoad (15ms)
			EditorAssembliesLoaded (0ms)
		ExecutionOrderSort2 (0ms)
		AwakeInstancesAfterBackupRestoration (10ms)
Launched and connected shader compiler UnityShaderCompiler.exe after 0.09 seconds
Refreshing native plugins compatible for Editor in 1.51 ms, found 0 plugins.
Preloading 0 native plugins for Editor in 0.00 ms.
Unloading 1300 Unused Serialized files (Serialized files now loaded: 0)
Unloading 12 unused Assets / (50.0 KB). Loaded Objects now: 1778.
Memory consumption went from 81.6 MB to 81.5 MB.
Total: 3.411300 ms (FindLiveObjects: 0.178600 ms CreateObjectMapping: 0.086400 ms MarkObjects: 3.052400 ms  DeleteObjects: 0.092700 ms)

AssetImportParameters requested are different than current active one (requested -> active):
  custom:video-encoder-webm-vp8: eb34c28f22e8b96e1ab97ce403110664 -> 
  custom:video-decoder-webm-vp8: 9c59270c3fd7afecdb556c50c9e8de78 -> 
  custom:audio-decoder-ogg-vorbis: bf7c407c2cedff20999df2af8eb42d56 -> 
  custom:SearchIndexIgnoredProperties: e643bd26f0fe6173181afceb89e7c659 -> 
  custom:container-demuxer-ogg: 62fdf1f143b41e24485cea50d1cbac27 -> 
  custom:AudioImporter_EditorPlatform: d09bf68614088b80899f8185d706f6e7 -> 
  custom:CustomObjectIndexerAttribute: 9a22284fe3817be447336de3de66b15e -> 
  custom:container-demuxer-webm: 4f35f7cbe854078d1ac9338744f61a02 -> 
  custom:video-decoder-ogg-theora: a1e56fd34408186e4bbccfd4996cb3dc -> 
  custom:audio-encoder-webm-vorbis: bf7c407c2cedff20999df2af8eb42d56 -> 
  custom:framework-win-MediaFoundation: 216162199b28c13a410421893ffa2e32 -> 
  custom:container-muxer-webm: aa71ff27fc2769a1b78a27578f13a17b -> 
========================================================================
Received Import Request.
  Time since last request: 2373041.901846 seconds.
  path: Assets/Scripts/Controller/Battle State/ReinitializeBattleState.cs
  artifactKey: Guid(1e3a4aa41c336b84aa67ea5627432a2e) Importer(815301076,1909f56bfc062723c751e8b465ee728b)
Start importing Assets/Scripts/Controller/Battle State/ReinitializeBattleState.cs using Guid(1e3a4aa41c336b84aa67ea5627432a2e) Importer(815301076,1909f56bfc062723c751e8b465ee728b) [PhysX] Initialized MultithreadedTaskDispatcher with 16 workers.
 -> (artifact id: 'a7b9b9906897ac5bb01210ede8410972') in 0.004390 seconds
Number of updated asset objects reloaded before import = 0
Number of asset objects unloaded after import = 0
========================================================================
Received Import Request.
  Time since last request: 14.238682 seconds.
  path: Assets/Scripts/Controller/Battle State/ReinitializeBattleState.cs
  artifactKey: Guid(1e3a4aa41c336b84aa67ea5627432a2e) Importer(815301076,1909f56bfc062723c751e8b465ee728b)
Start importing Assets/Scripts/Controller/Battle State/ReinitializeBattleState.cs using Guid(1e3a4aa41c336b84aa67ea5627432a2e) Importer(815301076,1909f56bfc062723c751e8b465ee728b) [PhysX] Initialized MultithreadedTaskDispatcher with 16 workers.
 -> (artifact id: '42fc60462aa927b2a7ea152c64b2061e') in 0.000668 seconds
Number of updated asset objects reloaded before import = 0
Number of asset objects unloaded after import = 0
========================================================================
Received Prepare
Caller must complete domain reload
Begin MonoManager ReloadAssembly
- Loaded All Assemblies, in  0.621 seconds
Native extension for UWP target not found
Native extension for WindowsStandalone target not found
Mono: successfully reloaded assembly
- Finished resetting the current domain, in  0.864 seconds
Domain Reload Profiling: 1481ms
	BeginReloadAssembly (233ms)
		ExecutionOrderSort (0ms)
		DisableScriptedObjects (10ms)
		BackupInstance (0ms)
		ReleaseScriptingObjects (0ms)
		CreateAndSetChildDomain (28ms)
	RebuildCommonClasses (58ms)
	RebuildNativeTypeToScriptingClass (18ms)
	initialDomainReloadingComplete (48ms)
	LoadAllAssembliesAndSetupDomain (259ms)
		LoadAssemblies (372ms)
		RebuildTransferFunctionScriptingTraits (0ms)
		AnalyzeDomain (33ms)
			TypeCache.Refresh (10ms)
				TypeCache.ScanAssembly (2ms)
			ScanForSourceGeneratedMonoScriptInfo (14ms)
			ResolveRequiredComponents (8ms)
	FinalizeReload (865ms)
		ReleaseScriptCaches (0ms)
		RebuildScriptCaches (0ms)
		SetupLoadedEditorAssemblies (544ms)
			LogAssemblyErrors (0ms)
			InitializePlatformSupportModulesInManaged (16ms)
			SetLoadedEditorAssemblies (7ms)
			RefreshPlugins (0ms)
			BeforeProcessingInitializeOnLoad (104ms)
			ProcessInitializeOnLoadAttributes (365ms)
			ProcessInitializeOnLoadMethodAttributes (34ms)
			AfterProcessingInitializeOnLoad (18ms)
			EditorAssembliesLoaded (0ms)
		ExecutionOrderSort2 (0ms)
		AwakeInstancesAfterBackupRestoration (12ms)
Refreshing native plugins compatible for Editor in 1.54 ms, found 0 plugins.
Preloading 0 native plugins for Editor in 0.00 ms.
Unloading 1279 Unused Serialized files (Serialized files now loaded: 0)
Unloading 5 unused Assets / (23.8 KB). Loaded Objects now: 1781.
Memory consumption went from 77.4 MB to 77.4 MB.
Total: 3.197200 ms (FindLiveObjects: 0.154900 ms CreateObjectMapping: 0.066100 ms MarkObjects: 2.946800 ms  DeleteObjects: 0.028400 ms)

Prepare: number of updated asset objects reloaded= 0
AssetImportParameters requested are different than current active one (requested -> active):
  custom:video-encoder-webm-vp8: eb34c28f22e8b96e1ab97ce403110664 -> 
  custom:video-decoder-webm-vp8: 9c59270c3fd7afecdb556c50c9e8de78 -> 
  custom:audio-decoder-ogg-vorbis: bf7c407c2cedff20999df2af8eb42d56 -> 
  custom:SearchIndexIgnoredProperties: e643bd26f0fe6173181afceb89e7c659 -> 
  custom:container-demuxer-ogg: 62fdf1f143b41e24485cea50d1cbac27 -> 
  custom:AudioImporter_EditorPlatform: d09bf68614088b80899f8185d706f6e7 -> 
  custom:CustomObjectIndexerAttribute: 9a22284fe3817be447336de3de66b15e -> 
  custom:container-demuxer-webm: 4f35f7cbe854078d1ac9338744f61a02 -> 
  custom:video-decoder-ogg-theora: a1e56fd34408186e4bbccfd4996cb3dc -> 
  custom:audio-encoder-webm-vorbis: bf7c407c2cedff20999df2af8eb42d56 -> 
  custom:framework-win-MediaFoundation: 216162199b28c13a410421893ffa2e32 -> 
  custom:container-muxer-webm: aa71ff27fc2769a1b78a27578f13a17b -> 
========================================================================
Received Prepare
Refreshing native plugins compatible for Editor in 1.77 ms, found 0 plugins.
Preloading 0 native plugins for Editor in 0.00 ms.
Unloading 1 Unused Serialized files (Serialized files now loaded: 0)
Unloading 1 unused Assets / (3.1 KB). Loaded Objects now: 1781.
Memory consumption went from 57.9 MB to 57.9 MB.
Total: 3.125400 ms (FindLiveObjects: 0.157400 ms CreateObjectMapping: 0.064300 ms MarkObjects: 2.886000 ms  DeleteObjects: 0.016700 ms)

Prepare: number of updated asset objects reloaded= 0
AssetImportParameters requested are different than current active one (requested -> active):
  custom:video-encoder-webm-vp8: eb34c28f22e8b96e1ab97ce403110664 -> 
  custom:video-decoder-webm-vp8: 9c59270c3fd7afecdb556c50c9e8de78 -> 
  custom:audio-decoder-ogg-vorbis: bf7c407c2cedff20999df2af8eb42d56 -> 
  custom:SearchIndexIgnoredProperties: e643bd26f0fe6173181afceb89e7c659 -> 
  custom:container-demuxer-ogg: 62fdf1f143b41e24485cea50d1cbac27 -> 
  custom:AudioImporter_EditorPlatform: d09bf68614088b80899f8185d706f6e7 -> 
  custom:CustomObjectIndexerAttribute: 9a22284fe3817be447336de3de66b15e -> 
  custom:container-demuxer-webm: 4f35f7cbe854078d1ac9338744f61a02 -> 
  custom:video-decoder-ogg-theora: a1e56fd34408186e4bbccfd4996cb3dc -> 
  custom:audio-encoder-webm-vorbis: bf7c407c2cedff20999df2af8eb42d56 -> 
  custom:framework-win-MediaFoundation: 216162199b28c13a410421893ffa2e32 -> 
  custom:container-muxer-webm: aa71ff27fc2769a1b78a27578f13a17b -> 
========================================================================
Received Import Request.
  Time since last request: 340.741806 seconds.
  path: Assets/Resources/Abilities/DamageAbilityBase 1.prefab
  artifactKey: Guid(329f1c27b91f5f14fa8577b8d325fca4) Importer(815301076,1909f56bfc062723c751e8b465ee728b)
Start importing Assets/Resources/Abilities/DamageAbilityBase 1.prefab using Guid(329f1c27b91f5f14fa8577b8d325fca4) Importer(815301076,1909f56bfc062723c751e8b465ee728b) [PhysX] Initialized MultithreadedTaskDispatcher with 16 workers.
 -> (artifact id: '061e023db1a73204c5b16e3a52f23c22') in 0.050720 seconds
Number of updated asset objects reloaded before import = 0
Number of asset objects unloaded after import = 12
========================================================================
Received Import Request.
  Time since last request: 10.469448 seconds.
  path: Assets/Resources/Abilities/HeroAAttack.prefab
  artifactKey: Guid(329f1c27b91f5f14fa8577b8d325fca4) Importer(815301076,1909f56bfc062723c751e8b465ee728b)
Start importing Assets/Resources/Abilities/HeroAAttack.prefab using Guid(329f1c27b91f5f14fa8577b8d325fca4) Importer(815301076,1909f56bfc062723c751e8b465ee728b) [PhysX] Initialized MultithreadedTaskDispatcher with 16 workers.
 -> (artifact id: '1263dc303ed926dd948b3f2008c5d448') in 0.002385 seconds
Number of updated asset objects reloaded before import = 0
Number of asset objects unloaded after import = 12
========================================================================
Received Import Request.
  Time since last request: 2.203401 seconds.
  path: Assets/Resources/Abilities/HeroAAttack 1.prefab
  artifactKey: Guid(b1c8c32df20ceab48bf5940a81050b59) Importer(815301076,1909f56bfc062723c751e8b465ee728b)
Start importing Assets/Resources/Abilities/HeroAAttack 1.prefab using Guid(b1c8c32df20ceab48bf5940a81050b59) Importer(815301076,1909f56bfc062723c751e8b465ee728b) [PhysX] Initialized MultithreadedTaskDispatcher with 16 workers.
 -> (artifact id: '914ddaa83586d2b632ede602666c7446') in 0.002391 seconds
Number of updated asset objects reloaded before import = 0
Number of asset objects unloaded after import = 12
========================================================================
Received Import Request.
  Time since last request: 0.989138 seconds.
  path: Assets/Resources/Abilities/HeroAAttack 2.prefab
  artifactKey: Guid(01412348c80427e4aaed8ed454179afb) Importer(815301076,1909f56bfc062723c751e8b465ee728b)
Start importing Assets/Resources/Abilities/HeroAAttack 2.prefab using Guid(01412348c80427e4aaed8ed454179afb) Importer(815301076,1909f56bfc062723c751e8b465ee728b) [PhysX] Initialized MultithreadedTaskDispatcher with 16 workers.
 -> (artifact id: '0f4be86f4316e4a7ad95cb7b3781d7fc') in 0.002397 seconds
Number of updated asset objects reloaded before import = 0
Number of asset objects unloaded after import = 12
========================================================================
Received Import Request.
  Time since last request: 6.890031 seconds.
  path: Assets/Resources/Abilities/HeroCAttack.prefab
  artifactKey: Guid(01412348c80427e4aaed8ed454179afb) Importer(815301076,1909f56bfc062723c751e8b465ee728b)
Start importing Assets/Resources/Abilities/HeroCAttack.prefab using Guid(01412348c80427e4aaed8ed454179afb) Importer(815301076,1909f56bfc062723c751e8b465ee728b) [PhysX] Initialized MultithreadedTaskDispatcher with 16 workers.
 -> (artifact id: '5a86052cc8135b0cbb3ad3ac02236c3b') in 0.002750 seconds
Number of updated asset objects reloaded before import = 0
Number of asset objects unloaded after import = 12
========================================================================
Received Import Request.
  Time since last request: 5.186283 seconds.
  path: Assets/Resources/Abilities/HeroBAttack.prefab
  artifactKey: Guid(b1c8c32df20ceab48bf5940a81050b59) Importer(815301076,1909f56bfc062723c751e8b465ee728b)
Start importing Assets/Resources/Abilities/HeroBAttack.prefab using Guid(b1c8c32df20ceab48bf5940a81050b59) Importer(815301076,1909f56bfc062723c751e8b465ee728b) [PhysX] Initialized MultithreadedTaskDispatcher with 16 workers.
 -> (artifact id: 'a03125e5b8fb2a0d6f5196a3d8723f84') in 0.002380 seconds
Number of updated asset objects reloaded before import = 0
Number of asset objects unloaded after import = 12
========================================================================
Received Import Request.
  Time since last request: 10.346400 seconds.
  path: Assets/Resources/Abilities/DamageAbilityBase.prefab
  artifactKey: Guid(a373064c06be25843ae33d743b4af4bd) Importer(815301076,1909f56bfc062723c751e8b465ee728b)
Start importing Assets/Resources/Abilities/DamageAbilityBase.prefab using Guid(a373064c06be25843ae33d743b4af4bd) Importer(815301076,1909f56bfc062723c751e8b465ee728b) [PhysX] Initialized MultithreadedTaskDispatcher with 16 workers.
 -> (artifact id: '2faef81045c37be237afbd635102a8c7') in 0.002454 seconds
Number of updated asset objects reloaded before import = 0
Number of asset objects unloaded after import = 12
========================================================================
Received Import Request.
  Time since last request: 15.733678 seconds.
  path: Assets/Resources/Abilities/DamageAbilityBase.prefab
  artifactKey: Guid(a373064c06be25843ae33d743b4af4bd) Importer(815301076,1909f56bfc062723c751e8b465ee728b)
Start importing Assets/Resources/Abilities/DamageAbilityBase.prefab using Guid(a373064c06be25843ae33d743b4af4bd) Importer(815301076,1909f56bfc062723c751e8b465ee728b) [PhysX] Initialized MultithreadedTaskDispatcher with 16 workers.
 -> (artifact id: '53ef4126096a1adc20d4a91ec17f681f') in 0.002453 seconds
Number of updated asset objects reloaded before import = 0
Number of asset objects unloaded after import = 12
========================================================================
Received Import Request.
  Time since last request: 13.948833 seconds.
  path: Assets/Resources/Abilities/DamageAbilityBase.prefab
  artifactKey: Guid(a373064c06be25843ae33d743b4af4bd) Importer(815301076,1909f56bfc062723c751e8b465ee728b)
Start importing Assets/Resources/Abilities/DamageAbilityBase.prefab using Guid(a373064c06be25843ae33d743b4af4bd) Importer(815301076,1909f56bfc062723c751e8b465ee728b) [PhysX] Initialized MultithreadedTaskDispatcher with 16 workers.
 -> (artifact id: 'a42b85fb3b1d51b66f6587b3a1a099bd') in 0.002425 seconds
Number of updated asset objects reloaded before import = 0
Number of asset objects unloaded after import = 11
========================================================================
Received Import Request.
  Time since last request: 3.036262 seconds.
  path: Assets/Resources/Abilities/DamageAbilityBase.prefab
  artifactKey: Guid(a373064c06be25843ae33d743b4af4bd) Importer(815301076,1909f56bfc062723c751e8b465ee728b)
Start importing Assets/Resources/Abilities/DamageAbilityBase.prefab using Guid(a373064c06be25843ae33d743b4af4bd) Importer(815301076,1909f56bfc062723c751e8b465ee728b) [PhysX] Initialized MultithreadedTaskDispatcher with 16 workers.
 -> (artifact id: '7c390749f4c4b5902641afd8ae77362f') in 0.002625 seconds
Number of updated asset objects reloaded before import = 0
Number of asset objects unloaded after import = 12
========================================================================
Received Import Request.
  Time since last request: 14.328694 seconds.
  path: Assets/Resources/Abilities/DamageAbilityBase.prefab
  artifactKey: Guid(a373064c06be25843ae33d743b4af4bd) Importer(815301076,1909f56bfc062723c751e8b465ee728b)
Start importing Assets/Resources/Abilities/DamageAbilityBase.prefab using Guid(a373064c06be25843ae33d743b4af4bd) Importer(815301076,1909f56bfc062723c751e8b465ee728b) [PhysX] Initialized MultithreadedTaskDispatcher with 16 workers.
 -> (artifact id: 'fa218d921082878f4b461670132e3d96') in 0.002665 seconds
Number of updated asset objects reloaded before import = 0
Number of asset objects unloaded after import = 12
========================================================================
Received Import Request.
  Time since last request: 56.343814 seconds.
  path: Assets/Resources/Abilities/HeroBAttack.prefab
  artifactKey: Guid(b1c8c32df20ceab48bf5940a81050b59) Importer(815301076,1909f56bfc062723c751e8b465ee728b)
Start importing Assets/Resources/Abilities/HeroBAttack.prefab using Guid(b1c8c32df20ceab48bf5940a81050b59) Importer(815301076,1909f56bfc062723c751e8b465ee728b) [PhysX] Initialized MultithreadedTaskDispatcher with 16 workers.
 -> (artifact id: '2af3e4cf62867bd1727af6347a195cb9') in 0.002816 seconds
Number of updated asset objects reloaded before import = 0
Number of asset objects unloaded after import = 12
========================================================================
Received Import Request.
  Time since last request: 10.875781 seconds.
  path: Assets/Resources/Abilities/HeroCAttack.prefab
  artifactKey: Guid(01412348c80427e4aaed8ed454179afb) Importer(815301076,1909f56bfc062723c751e8b465ee728b)
Start importing Assets/Resources/Abilities/HeroCAttack.prefab using Guid(01412348c80427e4aaed8ed454179afb) Importer(815301076,1909f56bfc062723c751e8b465ee728b) [PhysX] Initialized MultithreadedTaskDispatcher with 16 workers.
 -> (artifact id: '8ee9cf3e93f693df3ab33bf58a135c65') in 0.002564 seconds
Number of updated asset objects reloaded before import = 0
Number of asset objects unloaded after import = 12
========================================================================
Received Import Request.
  Time since last request: 23.206587 seconds.
  path: Assets/Resources/Abilities/HeroAAttack.prefab
  artifactKey: Guid(329f1c27b91f5f14fa8577b8d325fca4) Importer(815301076,1909f56bfc062723c751e8b465ee728b)
Start importing Assets/Resources/Abilities/HeroAAttack.prefab using Guid(329f1c27b91f5f14fa8577b8d325fca4) Importer(815301076,1909f56bfc062723c751e8b465ee728b) [PhysX] Initialized MultithreadedTaskDispatcher with 16 workers.
 -> (artifact id: '0f213cce2a06a2405b3e80053dc93456') in 0.002430 seconds
Number of updated asset objects reloaded before import = 0
Number of asset objects unloaded after import = 12
========================================================================
Received Import Request.
  Time since last request: 2.256212 seconds.
  path: Assets/Resources/Abilities/HeroAAttack.prefab
  artifactKey: Guid(329f1c27b91f5f14fa8577b8d325fca4) Importer(815301076,1909f56bfc062723c751e8b465ee728b)
Start importing Assets/Resources/Abilities/HeroAAttack.prefab using Guid(329f1c27b91f5f14fa8577b8d325fca4) Importer(815301076,1909f56bfc062723c751e8b465ee728b) [PhysX] Initialized MultithreadedTaskDispatcher with 16 workers.
 -> (artifact id: '9e16787f5222635eecc4998c631df544') in 0.002344 seconds
Number of updated asset objects reloaded before import = 0
Number of asset objects unloaded after import = 11
========================================================================
Received Import Request.
  Time since last request: 2.733478 seconds.
  path: Assets/Resources/Abilities/HeroAAttack.prefab
  artifactKey: Guid(329f1c27b91f5f14fa8577b8d325fca4) Importer(815301076,1909f56bfc062723c751e8b465ee728b)
Start importing Assets/Resources/Abilities/HeroAAttack.prefab using Guid(329f1c27b91f5f14fa8577b8d325fca4) Importer(815301076,1909f56bfc062723c751e8b465ee728b) [PhysX] Initialized MultithreadedTaskDispatcher with 16 workers.
 -> (artifact id: '24527305dc8f253c99fc656cfad6b2b2') in 0.002421 seconds
Number of updated asset objects reloaded before import = 0
Number of asset objects unloaded after import = 12
========================================================================
Received Import Request.
  Time since last request: 9.880577 seconds.
  path: Assets/Resources/Abilities/HeroAAttack.prefab
  artifactKey: Guid(329f1c27b91f5f14fa8577b8d325fca4) Importer(815301076,1909f56bfc062723c751e8b465ee728b)
Start importing Assets/Resources/Abilities/HeroAAttack.prefab using Guid(329f1c27b91f5f14fa8577b8d325fca4) Importer(815301076,1909f56bfc062723c751e8b465ee728b) [PhysX] Initialized MultithreadedTaskDispatcher with 16 workers.
 -> (artifact id: 'ea70f129d68c0887860e0cd1922d4412') in 0.002407 seconds
Number of updated asset objects reloaded before import = 0
Number of asset objects unloaded after import = 11
========================================================================
Received Import Request.
  Time since last request: 2.250630 seconds.
  path: Assets/Resources/Abilities/HeroAAttack.prefab
  artifactKey: Guid(329f1c27b91f5f14fa8577b8d325fca4) Importer(815301076,1909f56bfc062723c751e8b465ee728b)
Start importing Assets/Resources/Abilities/HeroAAttack.prefab using Guid(329f1c27b91f5f14fa8577b8d325fca4) Importer(815301076,1909f56bfc062723c751e8b465ee728b) [PhysX] Initialized MultithreadedTaskDispatcher with 16 workers.
 -> (artifact id: '5352157116373d299b3e1a02ab3f9577') in 0.002862 seconds
Number of updated asset objects reloaded before import = 0
Number of asset objects unloaded after import = 12
========================================================================
Received Import Request.
  Time since last request: 20.916115 seconds.
  path: Assets/Resources/Abilities/HeroCAttack.prefab
  artifactKey: Guid(01412348c80427e4aaed8ed454179afb) Importer(815301076,1909f56bfc062723c751e8b465ee728b)
Start importing Assets/Resources/Abilities/HeroCAttack.prefab using Guid(01412348c80427e4aaed8ed454179afb) Importer(815301076,1909f56bfc062723c751e8b465ee728b) [PhysX] Initialized MultithreadedTaskDispatcher with 16 workers.
 -> (artifact id: 'b79daeef0c8796a298cc470edc26e631') in 0.002502 seconds
Number of updated asset objects reloaded before import = 0
Number of asset objects unloaded after import = 12
========================================================================
Received Import Request.
  Time since last request: 22.290771 seconds.
  path: Assets/Resources/Unit Recipes/HeroA.asset
  artifactKey: Guid(cbb71c9bafa35124ba0369355d714dcb) Importer(815301076,1909f56bfc062723c751e8b465ee728b)
Start importing Assets/Resources/Unit Recipes/HeroA.asset using Guid(cbb71c9bafa35124ba0369355d714dcb) Importer(815301076,1909f56bfc062723c751e8b465ee728b) [PhysX] Initialized MultithreadedTaskDispatcher with 16 workers.
 -> (artifact id: 'b706a288e7b4b8143a116c77d95e8ae2') in 0.002020 seconds
Number of updated asset objects reloaded before import = 0
Number of asset objects unloaded after import = 1
========================================================================
Received Import Request.
  Time since last request: 110.904794 seconds.
  path: Assets/Resources/Abilities/Wand/RangedAtk.prefab
  artifactKey: Guid(3601e2db22e4afb44b620c0cf9a8f154) Importer(815301076,1909f56bfc062723c751e8b465ee728b)
Start importing Assets/Resources/Abilities/Wand/RangedAtk.prefab using Guid(3601e2db22e4afb44b620c0cf9a8f154) Importer(815301076,1909f56bfc062723c751e8b465ee728b) [PhysX] Initialized MultithreadedTaskDispatcher with 16 workers.
 -> (artifact id: 'b7f630508b2e888bd1b08d79c7c76210') in 0.003805 seconds
Number of updated asset objects reloaded before import = 0
Number of asset objects unloaded after import = 13
========================================================================
Received Import Request.
  Time since last request: 13.022815 seconds.
  path: Assets/Resources/Abilities/Wand/Fire Bolt.prefab
  artifactKey: Guid(3601e2db22e4afb44b620c0cf9a8f154) Importer(815301076,1909f56bfc062723c751e8b465ee728b)
Start importing Assets/Resources/Abilities/Wand/Fire Bolt.prefab using Guid(3601e2db22e4afb44b620c0cf9a8f154) Importer(815301076,1909f56bfc062723c751e8b465ee728b) [PhysX] Initialized MultithreadedTaskDispatcher with 16 workers.
 -> (artifact id: '7547b3f7f6c90ad5c9127a0ab7f0430d') in 0.002783 seconds
Number of updated asset objects reloaded before import = 0
Number of asset objects unloaded after import = 13
========================================================================
Received Import Request.
  Time since last request: 22.565285 seconds.
  path: Assets/Resources/Abilities/Wand/Fire Bolt 1.prefab
  artifactKey: Guid(c5a5b9986009b424ba267cc136396dcf) Importer(815301076,1909f56bfc062723c751e8b465ee728b)
Start importing Assets/Resources/Abilities/Wand/Fire Bolt 1.prefab using Guid(c5a5b9986009b424ba267cc136396dcf) Importer(815301076,1909f56bfc062723c751e8b465ee728b) [PhysX] Initialized MultithreadedTaskDispatcher with 16 workers.
 -> (artifact id: '6aad1bee0a7675f24ebcd46567053453') in 0.002542 seconds
Number of updated asset objects reloaded before import = 0
Number of asset objects unloaded after import = 13
========================================================================
Received Import Request.
  Time since last request: 3.336540 seconds.
  path: Assets/Resources/Abilities/Wand & Dagger/Fire Bolt 2.prefab
  artifactKey: Guid(d8cca01e3a78c8f408224892b8960e46) Importer(815301076,1909f56bfc062723c751e8b465ee728b)
Start importing Assets/Resources/Abilities/Wand & Dagger/Fire Bolt 2.prefab using Guid(d8cca01e3a78c8f408224892b8960e46) Importer(815301076,1909f56bfc062723c751e8b465ee728b) [PhysX] Initialized MultithreadedTaskDispatcher with 16 workers.
 -> (artifact id: '4f044ce647badea7d5c35687a3534139') in 0.002470 seconds
Number of updated asset objects reloaded before import = 0
Number of asset objects unloaded after import = 13
========================================================================
Received Import Request.
  Time since last request: 7.039541 seconds.
  path: Assets/Resources/Abilities/Wand & Dagger/Fire Bolt.prefab
  artifactKey: Guid(c5a5b9986009b424ba267cc136396dcf) Importer(815301076,1909f56bfc062723c751e8b465ee728b)
Start importing Assets/Resources/Abilities/Wand & Dagger/Fire Bolt.prefab using Guid(c5a5b9986009b424ba267cc136396dcf) Importer(815301076,1909f56bfc062723c751e8b465ee728b) [PhysX] Initialized MultithreadedTaskDispatcher with 16 workers.
 -> (artifact id: '467ca3586b6044a2c19ad312dec72aa7') in 0.002515 seconds
Number of updated asset objects reloaded before import = 0
Number of asset objects unloaded after import = 13
========================================================================
Received Import Request.
  Time since last request: 4.421207 seconds.
  path: Assets/Resources/Abilities/Wand & Wand/Fire Bolt.prefab
  artifactKey: Guid(d8cca01e3a78c8f408224892b8960e46) Importer(815301076,1909f56bfc062723c751e8b465ee728b)
Start importing Assets/Resources/Abilities/Wand & Wand/Fire Bolt.prefab using Guid(d8cca01e3a78c8f408224892b8960e46) Importer(815301076,1909f56bfc062723c751e8b465ee728b) [PhysX] Initialized MultithreadedTaskDispatcher with 16 workers.
 -> (artifact id: '6e3195f705a405e7982e566ab2e7b45f') in 0.002912 seconds
Number of updated asset objects reloaded before import = 0
Number of asset objects unloaded after import = 13
========================================================================
Received Import Request.
  Time since last request: 99.223699 seconds.
  path: Assets/Scripts/View Model Component/Ability/Effects/InflictStatusAbilityEffect.cs
  artifactKey: Guid(3362287da842ef14d92226fe9be76343) Importer(815301076,1909f56bfc062723c751e8b465ee728b)
Start importing Assets/Scripts/View Model Component/Ability/Effects/InflictStatusAbilityEffect.cs using Guid(3362287da842ef14d92226fe9be76343) Importer(815301076,1909f56bfc062723c751e8b465ee728b) [PhysX] Initialized MultithreadedTaskDispatcher with 16 workers.
 -> (artifact id: '018ce42d5e86211da30fa02f61955c52') in 0.001042 seconds
Number of updated asset objects reloaded before import = 0
Number of asset objects unloaded after import = 0
========================================================================
Received Prepare
Caller must complete domain reload
Begin MonoManager ReloadAssembly
- Loaded All Assemblies, in  0.606 seconds
Native extension for UWP target not found
Native extension for WindowsStandalone target not found
Mono: successfully reloaded assembly
- Finished resetting the current domain, in  0.880 seconds
Domain Reload Profiling: 1482ms
	BeginReloadAssembly (227ms)
		ExecutionOrderSort (0ms)
		DisableScriptedObjects (9ms)
		BackupInstance (0ms)
		ReleaseScriptingObjects (0ms)
		CreateAndSetChildDomain (30ms)
	RebuildCommonClasses (54ms)
	RebuildNativeTypeToScriptingClass (19ms)
	initialDomainReloadingComplete (47ms)
	LoadAllAssembliesAndSetupDomain (255ms)
		LoadAssemblies (366ms)
		RebuildTransferFunctionScriptingTraits (0ms)
		AnalyzeDomain (33ms)
			TypeCache.Refresh (9ms)
				TypeCache.ScanAssembly (2ms)
			ScanForSourceGeneratedMonoScriptInfo (15ms)
			ResolveRequiredComponents (8ms)
	FinalizeReload (880ms)
		ReleaseScriptCaches (0ms)
		RebuildScriptCaches (0ms)
		SetupLoadedEditorAssemblies (529ms)
			LogAssemblyErrors (0ms)
			InitializePlatformSupportModulesInManaged (16ms)
			SetLoadedEditorAssemblies (7ms)
			RefreshPlugins (0ms)
			BeforeProcessingInitializeOnLoad (101ms)
			ProcessInitializeOnLoadAttributes (355ms)
			ProcessInitializeOnLoadMethodAttributes (33ms)
			AfterProcessingInitializeOnLoad (16ms)
			EditorAssembliesLoaded (0ms)
		ExecutionOrderSort2 (0ms)
		AwakeInstancesAfterBackupRestoration (11ms)
Refreshing native plugins compatible for Editor in 1.55 ms, found 0 plugins.
Preloading 0 native plugins for Editor in 0.00 ms.
Unloading 1280 Unused Serialized files (Serialized files now loaded: 0)
Unloading 5 unused Assets / (23.9 KB). Loaded Objects now: 1786.
Memory consumption went from 77.5 MB to 77.5 MB.
Total: 3.302800 ms (FindLiveObjects: 0.189800 ms CreateObjectMapping: 0.071700 ms MarkObjects: 3.011500 ms  DeleteObjects: 0.028900 ms)

Prepare: number of updated asset objects reloaded= 0
AssetImportParameters requested are different than current active one (requested -> active):
  custom:video-encoder-webm-vp8: eb34c28f22e8b96e1ab97ce403110664 -> 
  custom:video-decoder-webm-vp8: 9c59270c3fd7afecdb556c50c9e8de78 -> 
  custom:audio-decoder-ogg-vorbis: bf7c407c2cedff20999df2af8eb42d56 -> 
  custom:SearchIndexIgnoredProperties: e643bd26f0fe6173181afceb89e7c659 -> 
  custom:container-demuxer-ogg: 62fdf1f143b41e24485cea50d1cbac27 -> 
  custom:AudioImporter_EditorPlatform: d09bf68614088b80899f8185d706f6e7 -> 
  custom:CustomObjectIndexerAttribute: 9a22284fe3817be447336de3de66b15e -> 
  custom:container-demuxer-webm: 4f35f7cbe854078d1ac9338744f61a02 -> 
  custom:scripting/monoscript/fileName/InflictStatusAbilityEffect.cs: f57ea1c84c587b56150f402f43b05054 -> 
  custom:video-decoder-ogg-theora: a1e56fd34408186e4bbccfd4996cb3dc -> 
  custom:audio-encoder-webm-vorbis: bf7c407c2cedff20999df2af8eb42d56 -> 
  custom:framework-win-MediaFoundation: 216162199b28c13a410421893ffa2e32 -> 
  custom:scripting/precompiled-assembly-types:Assembly-CSharp: 08109eacfb0e9cf7b9c4bb08e9ec16c9 -> 687dce7e8850a6467b2a8d4ee6f7cc37
  custom:container-muxer-webm: aa71ff27fc2769a1b78a27578f13a17b -> 
========================================================================
Received Import Request.
  Time since last request: 13.516477 seconds.
  path: Assets/Scripts/View Model Component/Ability/Effects/InflictStatusAbilityEffect.cs
  artifactKey: Guid(3362287da842ef14d92226fe9be76343) Importer(815301076,1909f56bfc062723c751e8b465ee728b)
Start importing Assets/Scripts/View Model Component/Ability/Effects/InflictStatusAbilityEffect.cs using Guid(3362287da842ef14d92226fe9be76343) Importer(815301076,1909f56bfc062723c751e8b465ee728b) [PhysX] Initialized MultithreadedTaskDispatcher with 16 workers.
 -> (artifact id: 'd0c83cd479f2058d2c0aef0fb5a32c96') in 0.003303 seconds
Number of updated asset objects reloaded before import = 0
Number of asset objects unloaded after import = 0
========================================================================
Received Import Request.
  Time since last request: 164.188269 seconds.
  path: Assets/Scripts/View Model Component/Ability/Status Effects/Status.cs
  artifactKey: Guid(05948e37b094a5e478bf2541fb5453c1) Importer(815301076,1909f56bfc062723c751e8b465ee728b)
Start importing Assets/Scripts/View Model Component/Ability/Status Effects/Status.cs using Guid(05948e37b094a5e478bf2541fb5453c1) Importer(815301076,1909f56bfc062723c751e8b465ee728b) [PhysX] Initialized MultithreadedTaskDispatcher with 16 workers.
 -> (artifact id: '8041a19f25bd85477113f391ecee887f') in 0.000818 seconds
Number of updated asset objects reloaded before import = 0
Number of asset objects unloaded after import = 0
========================================================================
Received Prepare
Caller must complete domain reload
Begin MonoManager ReloadAssembly
- Loaded All Assemblies, in  0.660 seconds
Native extension for UWP target not found
Native extension for WindowsStandalone target not found
Mono: successfully reloaded assembly
- Finished resetting the current domain, in  0.920 seconds
Domain Reload Profiling: 1576ms
	BeginReloadAssembly (261ms)
		ExecutionOrderSort (0ms)
		DisableScriptedObjects (10ms)
		BackupInstance (0ms)
		ReleaseScriptingObjects (0ms)
		CreateAndSetChildDomain (33ms)
	RebuildCommonClasses (57ms)
	RebuildNativeTypeToScriptingClass (19ms)
	initialDomainReloadingComplete (53ms)
	LoadAllAssembliesAndSetupDomain (266ms)
		LoadAssemblies (384ms)
		RebuildTransferFunctionScriptingTraits (0ms)
		AnalyzeDomain (36ms)
			TypeCache.Refresh (10ms)
				TypeCache.ScanAssembly (2ms)
			ScanForSourceGeneratedMonoScriptInfo (17ms)
			ResolveRequiredComponents (8ms)
	FinalizeReload (920ms)
		ReleaseScriptCaches (0ms)
		RebuildScriptCaches (0ms)
		SetupLoadedEditorAssemblies (560ms)
			LogAssemblyErrors (0ms)
			InitializePlatformSupportModulesInManaged (17ms)
			SetLoadedEditorAssemblies (8ms)
			RefreshPlugins (0ms)
			BeforeProcessingInitializeOnLoad (105ms)
			ProcessInitializeOnLoadAttributes (376ms)
			ProcessInitializeOnLoadMethodAttributes (35ms)
			AfterProcessingInitializeOnLoad (20ms)
			EditorAssembliesLoaded (0ms)
		ExecutionOrderSort2 (0ms)
		AwakeInstancesAfterBackupRestoration (15ms)
Refreshing native plugins compatible for Editor in 1.50 ms, found 0 plugins.
Preloading 0 native plugins for Editor in 0.00 ms.
Unloading 1280 Unused Serialized files (Serialized files now loaded: 0)
Unloading 5 unused Assets / (23.9 KB). Loaded Objects now: 1789.
Memory consumption went from 77.5 MB to 77.5 MB.
Total: 3.209700 ms (FindLiveObjects: 0.149000 ms CreateObjectMapping: 0.063500 ms MarkObjects: 2.967200 ms  DeleteObjects: 0.029100 ms)

Prepare: number of updated asset objects reloaded= 0
AssetImportParameters requested are different than current active one (requested -> active):
  custom:video-encoder-webm-vp8: eb34c28f22e8b96e1ab97ce403110664 -> 
  custom:video-decoder-webm-vp8: 9c59270c3fd7afecdb556c50c9e8de78 -> 
  custom:audio-decoder-ogg-vorbis: bf7c407c2cedff20999df2af8eb42d56 -> 
  custom:SearchIndexIgnoredProperties: e643bd26f0fe6173181afceb89e7c659 -> 
  custom:container-demuxer-ogg: 62fdf1f143b41e24485cea50d1cbac27 -> 
  custom:AudioImporter_EditorPlatform: d09bf68614088b80899f8185d706f6e7 -> 
  custom:CustomObjectIndexerAttribute: 9a22284fe3817be447336de3de66b15e -> 
  custom:container-demuxer-webm: 4f35f7cbe854078d1ac9338744f61a02 -> 
  custom:scripting/monoscript/fileName/InflictStatusAbilityEffect.cs: 04589d4f4e2f3e9a7f174d006d709cc7 -> 
  custom:video-decoder-ogg-theora: a1e56fd34408186e4bbccfd4996cb3dc -> 
  custom:audio-encoder-webm-vorbis: bf7c407c2cedff20999df2af8eb42d56 -> 
  custom:framework-win-MediaFoundation: 216162199b28c13a410421893ffa2e32 -> 
  custom:scripting/precompiled-assembly-types:Assembly-CSharp: 58a86e99cbfdb4f9ac68271ec84bd222 -> 687dce7e8850a6467b2a8d4ee6f7cc37
  custom:container-muxer-webm: aa71ff27fc2769a1b78a27578f13a17b -> 
========================================================================
Received Prepare
Caller must complete domain reload
Begin MonoManager ReloadAssembly
- Loaded All Assemblies, in  0.606 seconds
Native extension for UWP target not found
Native extension for WindowsStandalone target not found
Mono: successfully reloaded assembly
- Finished resetting the current domain, in  0.849 seconds
Domain Reload Profiling: 1451ms
	BeginReloadAssembly (222ms)
		ExecutionOrderSort (0ms)
		DisableScriptedObjects (10ms)
		BackupInstance (0ms)
		ReleaseScriptingObjects (0ms)
		CreateAndSetChildDomain (28ms)
	RebuildCommonClasses (60ms)
	RebuildNativeTypeToScriptingClass (18ms)
	initialDomainReloadingComplete (48ms)
	LoadAllAssembliesAndSetupDomain (253ms)
		LoadAssemblies (362ms)
		RebuildTransferFunctionScriptingTraits (0ms)
		AnalyzeDomain (32ms)
			TypeCache.Refresh (9ms)
				TypeCache.ScanAssembly (2ms)
			ScanForSourceGeneratedMonoScriptInfo (14ms)
			ResolveRequiredComponents (8ms)
	FinalizeReload (850ms)
		ReleaseScriptCaches (0ms)
		RebuildScriptCaches (0ms)
		SetupLoadedEditorAssemblies (535ms)
			LogAssemblyErrors (0ms)
			InitializePlatformSupportModulesInManaged (17ms)
			SetLoadedEditorAssemblies (7ms)
			RefreshPlugins (0ms)
			BeforeProcessingInitializeOnLoad (100ms)
			ProcessInitializeOnLoadAttributes (362ms)
			ProcessInitializeOnLoadMethodAttributes (33ms)
			AfterProcessingInitializeOnLoad (15ms)
			EditorAssembliesLoaded (0ms)
		ExecutionOrderSort2 (0ms)
		AwakeInstancesAfterBackupRestoration (10ms)
Refreshing native plugins compatible for Editor in 1.50 ms, found 0 plugins.
Preloading 0 native plugins for Editor in 0.00 ms.
Unloading 1281 Unused Serialized files (Serialized files now loaded: 0)
Unloading 5 unused Assets / (23.9 KB). Loaded Objects now: 1792.
Memory consumption went from 77.8 MB to 77.7 MB.
Total: 3.498500 ms (FindLiveObjects: 0.158700 ms CreateObjectMapping: 0.068000 ms MarkObjects: 3.238800 ms  DeleteObjects: 0.031700 ms)

Prepare: number of updated asset objects reloaded= 0
AssetImportParameters requested are different than current active one (requested -> active):
  custom:video-encoder-webm-vp8: eb34c28f22e8b96e1ab97ce403110664 -> 
  custom:video-decoder-webm-vp8: 9c59270c3fd7afecdb556c50c9e8de78 -> 
  custom:audio-decoder-ogg-vorbis: bf7c407c2cedff20999df2af8eb42d56 -> 
  custom:SearchIndexIgnoredProperties: e643bd26f0fe6173181afceb89e7c659 -> 
  custom:container-demuxer-ogg: 62fdf1f143b41e24485cea50d1cbac27 -> 
  custom:AudioImporter_EditorPlatform: d09bf68614088b80899f8185d706f6e7 -> 
  custom:CustomObjectIndexerAttribute: 9a22284fe3817be447336de3de66b15e -> 
  custom:container-demuxer-webm: 4f35f7cbe854078d1ac9338744f61a02 -> 
  custom:scripting/monoscript/fileName/InflictStatusAbilityEffect.cs: 04589d4f4e2f3e9a7f174d006d709cc7 -> 
  custom:video-decoder-ogg-theora: a1e56fd34408186e4bbccfd4996cb3dc -> 
  custom:audio-encoder-webm-vorbis: bf7c407c2cedff20999df2af8eb42d56 -> 
  custom:framework-win-MediaFoundation: 216162199b28c13a410421893ffa2e32 -> 
  custom:scripting/precompiled-assembly-types:Assembly-CSharp: 58a86e99cbfdb4f9ac68271ec84bd222 -> 687dce7e8850a6467b2a8d4ee6f7cc37
  custom:container-muxer-webm: aa71ff27fc2769a1b78a27578f13a17b -> 
========================================================================
Received Import Request.
  Time since last request: 179.371904 seconds.
  path: Assets/Resources/Abilities/Wand & Dagger/Bleed Bolt.prefab
  artifactKey: Guid(c5a5b9986009b424ba267cc136396dcf) Importer(815301076,1909f56bfc062723c751e8b465ee728b)
Start importing Assets/Resources/Abilities/Wand & Dagger/Bleed Bolt.prefab using Guid(c5a5b9986009b424ba267cc136396dcf) Importer(815301076,1909f56bfc062723c751e8b465ee728b) [PhysX] Initialized MultithreadedTaskDispatcher with 16 workers.
 -> (artifact id: '7c549e73dc72eaaaa361b75356bb0687') in 0.047580 seconds
Number of updated asset objects reloaded before import = 0
Number of asset objects unloaded after import = 14
========================================================================
Received Prepare
Caller must complete domain reload
Begin MonoManager ReloadAssembly
- Loaded All Assemblies, in  0.592 seconds
Native extension for UWP target not found
Native extension for WindowsStandalone target not found
Mono: successfully reloaded assembly
- Finished resetting the current domain, in  0.871 seconds
Domain Reload Profiling: 1459ms
	BeginReloadAssembly (220ms)
		ExecutionOrderSort (0ms)
		DisableScriptedObjects (9ms)
		BackupInstance (0ms)
		ReleaseScriptingObjects (0ms)
		CreateAndSetChildDomain (29ms)
	RebuildCommonClasses (61ms)
	RebuildNativeTypeToScriptingClass (18ms)
	initialDomainReloadingComplete (47ms)
	LoadAllAssembliesAndSetupDomain (241ms)
		LoadAssemblies (364ms)
		RebuildTransferFunctionScriptingTraits (0ms)
		AnalyzeDomain (16ms)
			TypeCache.Refresh (6ms)
				TypeCache.ScanAssembly (0ms)
			ScanForSourceGeneratedMonoScriptInfo (0ms)
			ResolveRequiredComponents (9ms)
	FinalizeReload (872ms)
		ReleaseScriptCaches (0ms)
		RebuildScriptCaches (0ms)
		SetupLoadedEditorAssemblies (555ms)
			LogAssemblyErrors (0ms)
			InitializePlatformSupportModulesInManaged (15ms)
			SetLoadedEditorAssemblies (7ms)
			RefreshPlugins (0ms)
			BeforeProcessingInitializeOnLoad (100ms)
			ProcessInitializeOnLoadAttributes (372ms)
			ProcessInitializeOnLoadMethodAttributes (40ms)
			AfterProcessingInitializeOnLoad (20ms)
			EditorAssembliesLoaded (0ms)
		ExecutionOrderSort2 (0ms)
		AwakeInstancesAfterBackupRestoration (10ms)
Refreshing native plugins compatible for Editor in 1.56 ms, found 0 plugins.
Preloading 0 native plugins for Editor in 0.00 ms.
Unloading 1280 Unused Serialized files (Serialized files now loaded: 0)
Unloading 5 unused Assets / (23.8 KB). Loaded Objects now: 1795.
Memory consumption went from 77.5 MB to 77.5 MB.
Total: 3.608800 ms (FindLiveObjects: 0.160100 ms CreateObjectMapping: 0.075700 ms MarkObjects: 3.339800 ms  DeleteObjects: 0.032200 ms)

Prepare: number of updated asset objects reloaded= 0
AssetImportParameters requested are different than current active one (requested -> active):
  custom:video-encoder-webm-vp8: eb34c28f22e8b96e1ab97ce403110664 -> 
  custom:video-decoder-webm-vp8: 9c59270c3fd7afecdb556c50c9e8de78 -> 
  custom:audio-decoder-ogg-vorbis: bf7c407c2cedff20999df2af8eb42d56 -> 
  custom:SearchIndexIgnoredProperties: e643bd26f0fe6173181afceb89e7c659 -> 
  custom:container-demuxer-ogg: 62fdf1f143b41e24485cea50d1cbac27 -> 
  custom:AudioImporter_EditorPlatform: d09bf68614088b80899f8185d706f6e7 -> 
  custom:CustomObjectIndexerAttribute: 9a22284fe3817be447336de3de66b15e -> 
  custom:container-demuxer-webm: 4f35f7cbe854078d1ac9338744f61a02 -> 
  custom:scripting/monoscript/fileName/InflictStatusAbilityEffect.cs: 04589d4f4e2f3e9a7f174d006d709cc7 -> 
  custom:video-decoder-ogg-theora: a1e56fd34408186e4bbccfd4996cb3dc -> 
  custom:audio-encoder-webm-vorbis: bf7c407c2cedff20999df2af8eb42d56 -> 
  custom:framework-win-MediaFoundation: 216162199b28c13a410421893ffa2e32 -> 
  custom:scripting/precompiled-assembly-types:Assembly-CSharp: 58a86e99cbfdb4f9ac68271ec84bd222 -> 687dce7e8850a6467b2a8d4ee6f7cc37
  custom:container-muxer-webm: aa71ff27fc2769a1b78a27578f13a17b -> 
========================================================================
Received Import Request.
  Time since last request: 49.089435 seconds.
  path: Assets/Resources/Ability Catalog Recipes/Wand.asset
  artifactKey: Guid(c93f4fb11f4ddf54d94a3fffee6da285) Importer(815301076,1909f56bfc062723c751e8b465ee728b)
Start importing Assets/Resources/Ability Catalog Recipes/Wand.asset using Guid(c93f4fb11f4ddf54d94a3fffee6da285) Importer(815301076,1909f56bfc062723c751e8b465ee728b) [PhysX] Initialized MultithreadedTaskDispatcher with 16 workers.
 -> (artifact id: 'ec8408f02e9cce098cb2ae1f3ed01919') in 0.017042 seconds
Number of updated asset objects reloaded before import = 0
Number of asset objects unloaded after import = 1
========================================================================
Received Prepare
Caller must complete domain reload
Begin MonoManager ReloadAssembly
- Loaded All Assemblies, in  0.616 seconds
Native extension for UWP target not found
Native extension for WindowsStandalone target not found
Mono: successfully reloaded assembly
- Finished resetting the current domain, in  0.892 seconds
Domain Reload Profiling: 1504ms
	BeginReloadAssembly (243ms)
		ExecutionOrderSort (0ms)
		DisableScriptedObjects (9ms)
		BackupInstance (0ms)
		ReleaseScriptingObjects (0ms)
		CreateAndSetChildDomain (29ms)
	RebuildCommonClasses (58ms)
	RebuildNativeTypeToScriptingClass (21ms)
	initialDomainReloadingComplete (54ms)
	LoadAllAssembliesAndSetupDomain (236ms)
		LoadAssemblies (373ms)
		RebuildTransferFunctionScriptingTraits (0ms)
		AnalyzeDomain (15ms)
			TypeCache.Refresh (5ms)
				TypeCache.ScanAssembly (0ms)
			ScanForSourceGeneratedMonoScriptInfo (0ms)
			ResolveRequiredComponents (9ms)
	FinalizeReload (892ms)
		ReleaseScriptCaches (0ms)
		RebuildScriptCaches (0ms)
		SetupLoadedEditorAssemblies (564ms)
			LogAssemblyErrors (0ms)
			InitializePlatformSupportModulesInManaged (15ms)
			SetLoadedEditorAssemblies (7ms)
			RefreshPlugins (0ms)
			BeforeProcessingInitializeOnLoad (101ms)
			ProcessInitializeOnLoadAttributes (390ms)
			ProcessInitializeOnLoadMethodAttributes (34ms)
			AfterProcessingInitializeOnLoad (15ms)
			EditorAssembliesLoaded (0ms)
		ExecutionOrderSort2 (0ms)
		AwakeInstancesAfterBackupRestoration (10ms)
Refreshing native plugins compatible for Editor in 1.55 ms, found 0 plugins.
Preloading 0 native plugins for Editor in 0.00 ms.
Unloading 1280 Unused Serialized files (Serialized files now loaded: 0)
Unloading 5 unused Assets / (23.9 KB). Loaded Objects now: 1798.
Memory consumption went from 77.5 MB to 77.5 MB.
Total: 3.208300 ms (FindLiveObjects: 0.160700 ms CreateObjectMapping: 0.071600 ms MarkObjects: 2.945500 ms  DeleteObjects: 0.029500 ms)

Prepare: number of updated asset objects reloaded= 0
AssetImportParameters requested are different than current active one (requested -> active):
  custom:video-encoder-webm-vp8: eb34c28f22e8b96e1ab97ce403110664 -> 
  custom:video-decoder-webm-vp8: 9c59270c3fd7afecdb556c50c9e8de78 -> 
  custom:audio-decoder-ogg-vorbis: bf7c407c2cedff20999df2af8eb42d56 -> 
  custom:SearchIndexIgnoredProperties: e643bd26f0fe6173181afceb89e7c659 -> 
  custom:container-demuxer-ogg: 62fdf1f143b41e24485cea50d1cbac27 -> 
  custom:AudioImporter_EditorPlatform: d09bf68614088b80899f8185d706f6e7 -> 
  custom:CustomObjectIndexerAttribute: 9a22284fe3817be447336de3de66b15e -> 
  custom:container-demuxer-webm: 4f35f7cbe854078d1ac9338744f61a02 -> 
  custom:scripting/monoscript/fileName/InflictStatusAbilityEffect.cs: 04589d4f4e2f3e9a7f174d006d709cc7 -> 
  custom:video-decoder-ogg-theora: a1e56fd34408186e4bbccfd4996cb3dc -> 
  custom:audio-encoder-webm-vorbis: bf7c407c2cedff20999df2af8eb42d56 -> 
  custom:framework-win-MediaFoundation: 216162199b28c13a410421893ffa2e32 -> 
  custom:scripting/precompiled-assembly-types:Assembly-CSharp: 58a86e99cbfdb4f9ac68271ec84bd222 -> 687dce7e8850a6467b2a8d4ee6f7cc37
  custom:container-muxer-webm: aa71ff27fc2769a1b78a27578f13a17b -> 
========================================================================
Received Prepare
Caller must complete domain reload
Begin MonoManager ReloadAssembly
- Loaded All Assemblies, in  0.612 seconds
Native extension for UWP target not found
Native extension for WindowsStandalone target not found
Mono: successfully reloaded assembly
- Finished resetting the current domain, in  0.848 seconds
Domain Reload Profiling: 1457ms
	BeginReloadAssembly (237ms)
		ExecutionOrderSort (0ms)
		DisableScriptedObjects (9ms)
		BackupInstance (0ms)
		ReleaseScriptingObjects (0ms)
		CreateAndSetChildDomain (32ms)
	RebuildCommonClasses (56ms)
	RebuildNativeTypeToScriptingClass (20ms)
	initialDomainReloadingComplete (58ms)
	LoadAllAssembliesAndSetupDomain (236ms)
		LoadAssemblies (373ms)
		RebuildTransferFunctionScriptingTraits (0ms)
		AnalyzeDomain (15ms)
			TypeCache.Refresh (5ms)
				TypeCache.ScanAssembly (0ms)
			ScanForSourceGeneratedMonoScriptInfo (0ms)
			ResolveRequiredComponents (9ms)
	FinalizeReload (849ms)
		ReleaseScriptCaches (0ms)
		RebuildScriptCaches (0ms)
		SetupLoadedEditorAssemblies (531ms)
			LogAssemblyErrors (0ms)
			InitializePlatformSupportModulesInManaged (15ms)
			SetLoadedEditorAssemblies (7ms)
			RefreshPlugins (0ms)
			BeforeProcessingInitializeOnLoad (101ms)
			ProcessInitializeOnLoadAttributes (351ms)
			ProcessInitializeOnLoadMethodAttributes (35ms)
			AfterProcessingInitializeOnLoad (21ms)
			EditorAssembliesLoaded (1ms)
		ExecutionOrderSort2 (0ms)
		AwakeInstancesAfterBackupRestoration (10ms)
Refreshing native plugins compatible for Editor in 1.62 ms, found 0 plugins.
Preloading 0 native plugins for Editor in 0.00 ms.
Unloading 1281 Unused Serialized files (Serialized files now loaded: 0)
Unloading 5 unused Assets / (23.9 KB). Loaded Objects now: 1801.
Memory consumption went from 77.8 MB to 77.8 MB.
Total: 3.596000 ms (FindLiveObjects: 0.168100 ms CreateObjectMapping: 0.079900 ms MarkObjects: 3.314400 ms  DeleteObjects: 0.032400 ms)

Prepare: number of updated asset objects reloaded= 0
AssetImportParameters requested are different than current active one (requested -> active):
  custom:video-encoder-webm-vp8: eb34c28f22e8b96e1ab97ce403110664 -> 
  custom:video-decoder-webm-vp8: 9c59270c3fd7afecdb556c50c9e8de78 -> 
  custom:audio-decoder-ogg-vorbis: bf7c407c2cedff20999df2af8eb42d56 -> 
  custom:SearchIndexIgnoredProperties: e643bd26f0fe6173181afceb89e7c659 -> 
  custom:container-demuxer-ogg: 62fdf1f143b41e24485cea50d1cbac27 -> 
  custom:AudioImporter_EditorPlatform: d09bf68614088b80899f8185d706f6e7 -> 
  custom:CustomObjectIndexerAttribute: 9a22284fe3817be447336de3de66b15e -> 
  custom:container-demuxer-webm: 4f35f7cbe854078d1ac9338744f61a02 -> 
  custom:scripting/monoscript/fileName/InflictStatusAbilityEffect.cs: 04589d4f4e2f3e9a7f174d006d709cc7 -> 
  custom:video-decoder-ogg-theora: a1e56fd34408186e4bbccfd4996cb3dc -> 
  custom:audio-encoder-webm-vorbis: bf7c407c2cedff20999df2af8eb42d56 -> 
  custom:framework-win-MediaFoundation: 216162199b28c13a410421893ffa2e32 -> 
  custom:scripting/precompiled-assembly-types:Assembly-CSharp: 58a86e99cbfdb4f9ac68271ec84bd222 -> 687dce7e8850a6467b2a8d4ee6f7cc37
  custom:container-muxer-webm: aa71ff27fc2769a1b78a27578f13a17b -> 
========================================================================
Received Prepare
Caller must complete domain reload
Begin MonoManager ReloadAssembly
- Loaded All Assemblies, in  0.596 seconds
Native extension for UWP target not found
Native extension for WindowsStandalone target not found
Mono: successfully reloaded assembly
- Finished resetting the current domain, in  0.855 seconds
Domain Reload Profiling: 1446ms
	BeginReloadAssembly (232ms)
		ExecutionOrderSort (0ms)
		DisableScriptedObjects (9ms)
		BackupInstance (0ms)
		ReleaseScriptingObjects (0ms)
		CreateAndSetChildDomain (28ms)
	RebuildCommonClasses (54ms)
	RebuildNativeTypeToScriptingClass (18ms)
	initialDomainReloadingComplete (50ms)
	LoadAllAssembliesAndSetupDomain (235ms)
		LoadAssemblies (371ms)
		RebuildTransferFunctionScriptingTraits (0ms)
		AnalyzeDomain (15ms)
			TypeCache.Refresh (5ms)
				TypeCache.ScanAssembly (0ms)
			ScanForSourceGeneratedMonoScriptInfo (0ms)
			ResolveRequiredComponents (9ms)
	FinalizeReload (856ms)
		ReleaseScriptCaches (0ms)
		RebuildScriptCaches (0ms)
		SetupLoadedEditorAssemblies (538ms)
			LogAssemblyErrors (0ms)
			InitializePlatformSupportModulesInManaged (15ms)
			SetLoadedEditorAssemblies (7ms)
			RefreshPlugins (0ms)
			BeforeProcessingInitializeOnLoad (106ms)
			ProcessInitializeOnLoadAttributes (360ms)
			ProcessInitializeOnLoadMethodAttributes (33ms)
			AfterProcessingInitializeOnLoad (16ms)
			EditorAssembliesLoaded (0ms)
		ExecutionOrderSort2 (0ms)
		AwakeInstancesAfterBackupRestoration (10ms)
Refreshing native plugins compatible for Editor in 2.20 ms, found 0 plugins.
Preloading 0 native plugins for Editor in 0.00 ms.
Unloading 1281 Unused Serialized files (Serialized files now loaded: 0)
Unloading 5 unused Assets / (23.9 KB). Loaded Objects now: 1804.
Memory consumption went from 77.8 MB to 77.8 MB.
Total: 3.676600 ms (FindLiveObjects: 0.181300 ms CreateObjectMapping: 0.124200 ms MarkObjects: 3.337000 ms  DeleteObjects: 0.033100 ms)

Prepare: number of updated asset objects reloaded= 0
AssetImportParameters requested are different than current active one (requested -> active):
  custom:video-encoder-webm-vp8: eb34c28f22e8b96e1ab97ce403110664 -> 
  custom:video-decoder-webm-vp8: 9c59270c3fd7afecdb556c50c9e8de78 -> 
  custom:audio-decoder-ogg-vorbis: bf7c407c2cedff20999df2af8eb42d56 -> 
  custom:SearchIndexIgnoredProperties: e643bd26f0fe6173181afceb89e7c659 -> 
  custom:container-demuxer-ogg: 62fdf1f143b41e24485cea50d1cbac27 -> 
  custom:AudioImporter_EditorPlatform: d09bf68614088b80899f8185d706f6e7 -> 
  custom:CustomObjectIndexerAttribute: 9a22284fe3817be447336de3de66b15e -> 
  custom:container-demuxer-webm: 4f35f7cbe854078d1ac9338744f61a02 -> 
  custom:scripting/monoscript/fileName/InflictStatusAbilityEffect.cs: 04589d4f4e2f3e9a7f174d006d709cc7 -> 
  custom:video-decoder-ogg-theora: a1e56fd34408186e4bbccfd4996cb3dc -> 
  custom:audio-encoder-webm-vorbis: bf7c407c2cedff20999df2af8eb42d56 -> 
  custom:framework-win-MediaFoundation: 216162199b28c13a410421893ffa2e32 -> 
  custom:scripting/precompiled-assembly-types:Assembly-CSharp: 58a86e99cbfdb4f9ac68271ec84bd222 -> 687dce7e8850a6467b2a8d4ee6f7cc37
  custom:container-muxer-webm: aa71ff27fc2769a1b78a27578f13a17b -> 
========================================================================
Received Prepare
Caller must complete domain reload
Begin MonoManager ReloadAssembly
- Loaded All Assemblies, in  0.596 seconds
Native extension for UWP target not found
Native extension for WindowsStandalone target not found
Mono: successfully reloaded assembly
- Finished resetting the current domain, in  0.854 seconds
Domain Reload Profiling: 1446ms
	BeginReloadAssembly (224ms)
		ExecutionOrderSort (0ms)
		DisableScriptedObjects (9ms)
		BackupInstance (0ms)
		ReleaseScriptingObjects (0ms)
		CreateAndSetChildDomain (29ms)
	RebuildCommonClasses (59ms)
	RebuildNativeTypeToScriptingClass (18ms)
	initialDomainReloadingComplete (50ms)
	LoadAllAssembliesAndSetupDomain (239ms)
		LoadAssemblies (363ms)
		RebuildTransferFunctionScriptingTraits (0ms)
		AnalyzeDomain (15ms)
			TypeCache.Refresh (5ms)
				TypeCache.ScanAssembly (0ms)
			ScanForSourceGeneratedMonoScriptInfo (0ms)
			ResolveRequiredComponents (9ms)
	FinalizeReload (854ms)
		ReleaseScriptCaches (0ms)
		RebuildScriptCaches (0ms)
		SetupLoadedEditorAssemblies (543ms)
			LogAssemblyErrors (0ms)
			InitializePlatformSupportModulesInManaged (15ms)
			SetLoadedEditorAssemblies (7ms)
			RefreshPlugins (0ms)
			BeforeProcessingInitializeOnLoad (100ms)
			ProcessInitializeOnLoadAttributes (371ms)
			ProcessInitializeOnLoadMethodAttributes (33ms)
			AfterProcessingInitializeOnLoad (16ms)
			EditorAssembliesLoaded (0ms)
		ExecutionOrderSort2 (0ms)
		AwakeInstancesAfterBackupRestoration (10ms)
Refreshing native plugins compatible for Editor in 2.12 ms, found 0 plugins.
Preloading 0 native plugins for Editor in 0.00 ms.
Unloading 1281 Unused Serialized files (Serialized files now loaded: 0)
Unloading 5 unused Assets / (23.9 KB). Loaded Objects now: 1807.
Memory consumption went from 77.8 MB to 77.8 MB.
Total: 3.246200 ms (FindLiveObjects: 0.168500 ms CreateObjectMapping: 0.065200 ms MarkObjects: 2.981400 ms  DeleteObjects: 0.030300 ms)

Prepare: number of updated asset objects reloaded= 0
AssetImportParameters requested are different than current active one (requested -> active):
  custom:video-encoder-webm-vp8: eb34c28f22e8b96e1ab97ce403110664 -> 
  custom:video-decoder-webm-vp8: 9c59270c3fd7afecdb556c50c9e8de78 -> 
  custom:audio-decoder-ogg-vorbis: bf7c407c2cedff20999df2af8eb42d56 -> 
  custom:SearchIndexIgnoredProperties: e643bd26f0fe6173181afceb89e7c659 -> 
  custom:container-demuxer-ogg: 62fdf1f143b41e24485cea50d1cbac27 -> 
  custom:AudioImporter_EditorPlatform: d09bf68614088b80899f8185d706f6e7 -> 
  custom:CustomObjectIndexerAttribute: 9a22284fe3817be447336de3de66b15e -> 
  custom:container-demuxer-webm: 4f35f7cbe854078d1ac9338744f61a02 -> 
  custom:scripting/monoscript/fileName/InflictStatusAbilityEffect.cs: 04589d4f4e2f3e9a7f174d006d709cc7 -> 
  custom:video-decoder-ogg-theora: a1e56fd34408186e4bbccfd4996cb3dc -> 
  custom:audio-encoder-webm-vorbis: bf7c407c2cedff20999df2af8eb42d56 -> 
  custom:framework-win-MediaFoundation: 216162199b28c13a410421893ffa2e32 -> 
  custom:scripting/precompiled-assembly-types:Assembly-CSharp: 58a86e99cbfdb4f9ac68271ec84bd222 -> 687dce7e8850a6467b2a8d4ee6f7cc37
  custom:container-muxer-webm: aa71ff27fc2769a1b78a27578f13a17b -> 
========================================================================
Received Prepare
Caller must complete domain reload
Begin MonoManager ReloadAssembly
- Loaded All Assemblies, in  0.627 seconds
Native extension for UWP target not found
Native extension for WindowsStandalone target not found
Mono: successfully reloaded assembly
- Finished resetting the current domain, in  0.853 seconds
Domain Reload Profiling: 1477ms
	BeginReloadAssembly (232ms)
		ExecutionOrderSort (0ms)
		DisableScriptedObjects (11ms)
		BackupInstance (0ms)
		ReleaseScriptingObjects (0ms)
		CreateAndSetChildDomain (31ms)
	RebuildCommonClasses (69ms)
	RebuildNativeTypeToScriptingClass (22ms)
	initialDomainReloadingComplete (63ms)
	LoadAllAssembliesAndSetupDomain (236ms)
		LoadAssemblies (368ms)
		RebuildTransferFunctionScriptingTraits (0ms)
		AnalyzeDomain (15ms)
			TypeCache.Refresh (5ms)
				TypeCache.ScanAssembly (0ms)
			ScanForSourceGeneratedMonoScriptInfo (0ms)
			ResolveRequiredComponents (9ms)
	FinalizeReload (854ms)
		ReleaseScriptCaches (0ms)
		RebuildScriptCaches (0ms)
		SetupLoadedEditorAssemblies (538ms)
			LogAssemblyErrors (0ms)
			InitializePlatformSupportModulesInManaged (15ms)
			SetLoadedEditorAssemblies (7ms)
			RefreshPlugins (0ms)
			BeforeProcessingInitializeOnLoad (102ms)
			ProcessInitializeOnLoadAttributes (364ms)
			ProcessInitializeOnLoadMethodAttributes (35ms)
			AfterProcessingInitializeOnLoad (15ms)
			EditorAssembliesLoaded (0ms)
		ExecutionOrderSort2 (0ms)
		AwakeInstancesAfterBackupRestoration (9ms)
Refreshing native plugins compatible for Editor in 1.53 ms, found 0 plugins.
Preloading 0 native plugins for Editor in 0.00 ms.
Unloading 1281 Unused Serialized files (Serialized files now loaded: 0)
Unloading 5 unused Assets / (23.9 KB). Loaded Objects now: 1810.
Memory consumption went from 77.8 MB to 77.8 MB.
Total: 3.272800 ms (FindLiveObjects: 0.166800 ms CreateObjectMapping: 0.072900 ms MarkObjects: 2.994100 ms  DeleteObjects: 0.037800 ms)

Prepare: number of updated asset objects reloaded= 0
AssetImportParameters requested are different than current active one (requested -> active):
  custom:video-encoder-webm-vp8: eb34c28f22e8b96e1ab97ce403110664 -> 
  custom:video-decoder-webm-vp8: 9c59270c3fd7afecdb556c50c9e8de78 -> 
  custom:audio-decoder-ogg-vorbis: bf7c407c2cedff20999df2af8eb42d56 -> 
  custom:SearchIndexIgnoredProperties: e643bd26f0fe6173181afceb89e7c659 -> 
  custom:container-demuxer-ogg: 62fdf1f143b41e24485cea50d1cbac27 -> 
  custom:AudioImporter_EditorPlatform: d09bf68614088b80899f8185d706f6e7 -> 
  custom:CustomObjectIndexerAttribute: 9a22284fe3817be447336de3de66b15e -> 
  custom:container-demuxer-webm: 4f35f7cbe854078d1ac9338744f61a02 -> 
  custom:scripting/monoscript/fileName/InflictStatusAbilityEffect.cs: 04589d4f4e2f3e9a7f174d006d709cc7 -> 
  custom:video-decoder-ogg-theora: a1e56fd34408186e4bbccfd4996cb3dc -> 
  custom:audio-encoder-webm-vorbis: bf7c407c2cedff20999df2af8eb42d56 -> 
  custom:framework-win-MediaFoundation: 216162199b28c13a410421893ffa2e32 -> 
  custom:scripting/precompiled-assembly-types:Assembly-CSharp: 58a86e99cbfdb4f9ac68271ec84bd222 -> 687dce7e8850a6467b2a8d4ee6f7cc37
  custom:container-muxer-webm: aa71ff27fc2769a1b78a27578f13a17b -> 
========================================================================
Received Import Request.
  Time since last request: 487.275516 seconds.
  path: Assets/Scripts/View Model Component/Ability/Effects/InflictStatusAbilityEffect.cs
  artifactKey: Guid(3362287da842ef14d92226fe9be76343) Importer(815301076,1909f56bfc062723c751e8b465ee728b)
Start importing Assets/Scripts/View Model Component/Ability/Effects/InflictStatusAbilityEffect.cs using Guid(3362287da842ef14d92226fe9be76343) Importer(815301076,1909f56bfc062723c751e8b465ee728b) [PhysX] Initialized MultithreadedTaskDispatcher with 16 workers.
 -> (artifact id: '7d172a65c47d5ca9db22635d455e9bd1') in 0.007811 seconds
Number of updated asset objects reloaded before import = 0
Number of asset objects unloaded after import = 0
========================================================================
Received Prepare
Caller must complete domain reload
Begin MonoManager ReloadAssembly
- Loaded All Assemblies, in  0.618 seconds
Native extension for UWP target not found
Native extension for WindowsStandalone target not found
Mono: successfully reloaded assembly
- Finished resetting the current domain, in  0.871 seconds
Domain Reload Profiling: 1483ms
	BeginReloadAssembly (225ms)
		ExecutionOrderSort (0ms)
		DisableScriptedObjects (9ms)
		BackupInstance (0ms)
		ReleaseScriptingObjects (0ms)
		CreateAndSetChildDomain (35ms)
	RebuildCommonClasses (62ms)
	RebuildNativeTypeToScriptingClass (18ms)
	initialDomainReloadingComplete (49ms)
	LoadAllAssembliesAndSetupDomain (258ms)
		LoadAssemblies (361ms)
		RebuildTransferFunctionScriptingTraits (0ms)
		AnalyzeDomain (33ms)
			TypeCache.Refresh (10ms)
				TypeCache.ScanAssembly (3ms)
			ScanForSourceGeneratedMonoScriptInfo (15ms)
			ResolveRequiredComponents (8ms)
	FinalizeReload (872ms)
		ReleaseScriptCaches (0ms)
		RebuildScriptCaches (0ms)
		SetupLoadedEditorAssemblies (541ms)
			LogAssemblyErrors (0ms)
			InitializePlatformSupportModulesInManaged (15ms)
			SetLoadedEditorAssemblies (9ms)
			RefreshPlugins (0ms)
			BeforeProcessingInitializeOnLoad (102ms)
			ProcessInitializeOnLoadAttributes (362ms)
			ProcessInitializeOnLoadMethodAttributes (37ms)
			AfterProcessingInitializeOnLoad (15ms)
			EditorAssembliesLoaded (0ms)
		ExecutionOrderSort2 (0ms)
		AwakeInstancesAfterBackupRestoration (10ms)
Refreshing native plugins compatible for Editor in 1.50 ms, found 0 plugins.
Preloading 0 native plugins for Editor in 0.00 ms.
Unloading 1280 Unused Serialized files (Serialized files now loaded: 0)
Unloading 5 unused Assets / (23.9 KB). Loaded Objects now: 1813.
Memory consumption went from 77.5 MB to 77.5 MB.
Total: 3.336500 ms (FindLiveObjects: 0.154000 ms CreateObjectMapping: 0.057900 ms MarkObjects: 3.093600 ms  DeleteObjects: 0.029800 ms)

Prepare: number of updated asset objects reloaded= 0
AssetImportParameters requested are different than current active one (requested -> active):
  custom:video-encoder-webm-vp8: eb34c28f22e8b96e1ab97ce403110664 -> 
  custom:video-decoder-webm-vp8: 9c59270c3fd7afecdb556c50c9e8de78 -> 
  custom:audio-decoder-ogg-vorbis: bf7c407c2cedff20999df2af8eb42d56 -> 
  custom:SearchIndexIgnoredProperties: e643bd26f0fe6173181afceb89e7c659 -> 
  custom:container-demuxer-ogg: 62fdf1f143b41e24485cea50d1cbac27 -> 
  custom:AudioImporter_EditorPlatform: d09bf68614088b80899f8185d706f6e7 -> 
  custom:CustomObjectIndexerAttribute: 9a22284fe3817be447336de3de66b15e -> 
  custom:container-demuxer-webm: 4f35f7cbe854078d1ac9338744f61a02 -> 
  custom:scripting/monoscript/fileName/InflictStatusAbilityEffect.cs: f57ea1c84c587b56150f402f43b05054 -> 
  custom:video-decoder-ogg-theora: a1e56fd34408186e4bbccfd4996cb3dc -> 
  custom:audio-encoder-webm-vorbis: bf7c407c2cedff20999df2af8eb42d56 -> 
  custom:framework-win-MediaFoundation: 216162199b28c13a410421893ffa2e32 -> 
  custom:scripting/precompiled-assembly-types:Assembly-CSharp: 08109eacfb0e9cf7b9c4bb08e9ec16c9 -> 687dce7e8850a6467b2a8d4ee6f7cc37
  custom:container-muxer-webm: aa71ff27fc2769a1b78a27578f13a17b -> 
========================================================================
Received Prepare
Caller must complete domain reload
Begin MonoManager ReloadAssembly
- Loaded All Assemblies, in  0.652 seconds
Native extension for UWP target not found
Native extension for WindowsStandalone target not found
Mono: successfully reloaded assembly
- Finished resetting the current domain, in  0.915 seconds
Domain Reload Profiling: 1562ms
	BeginReloadAssembly (251ms)
		ExecutionOrderSort (0ms)
		DisableScriptedObjects (9ms)
		BackupInstance (0ms)
		ReleaseScriptingObjects (0ms)
		CreateAndSetChildDomain (31ms)
	RebuildCommonClasses (60ms)
	RebuildNativeTypeToScriptingClass (20ms)
	initialDomainReloadingComplete (58ms)
	LoadAllAssembliesAndSetupDomain (259ms)
		LoadAssemblies (403ms)
		RebuildTransferFunctionScriptingTraits (0ms)
		AnalyzeDomain (20ms)
			TypeCache.Refresh (9ms)
				TypeCache.ScanAssembly (0ms)
			ScanForSourceGeneratedMonoScriptInfo (0ms)
			ResolveRequiredComponents (9ms)
	FinalizeReload (916ms)
		ReleaseScriptCaches (0ms)
		RebuildScriptCaches (0ms)
		SetupLoadedEditorAssemblies (571ms)
			LogAssemblyErrors (0ms)
			InitializePlatformSupportModulesInManaged (16ms)
			SetLoadedEditorAssemblies (8ms)
			RefreshPlugins (0ms)
			BeforeProcessingInitializeOnLoad (107ms)
			ProcessInitializeOnLoadAttributes (388ms)
			ProcessInitializeOnLoadMethodAttributes (36ms)
			AfterProcessingInitializeOnLoad (16ms)
			EditorAssembliesLoaded (0ms)
		ExecutionOrderSort2 (0ms)
		AwakeInstancesAfterBackupRestoration (10ms)
Refreshing native plugins compatible for Editor in 1.95 ms, found 0 plugins.
Preloading 0 native plugins for Editor in 0.00 ms.
Unloading 1281 Unused Serialized files (Serialized files now loaded: 0)
Unloading 5 unused Assets / (23.9 KB). Loaded Objects now: 1816.
Memory consumption went from 77.8 MB to 77.8 MB.
Total: 5.178600 ms (FindLiveObjects: 0.197300 ms CreateObjectMapping: 0.178500 ms MarkObjects: 4.741400 ms  DeleteObjects: 0.059300 ms)

Prepare: number of updated asset objects reloaded= 0
AssetImportParameters requested are different than current active one (requested -> active):
  custom:video-encoder-webm-vp8: eb34c28f22e8b96e1ab97ce403110664 -> 
  custom:video-decoder-webm-vp8: 9c59270c3fd7afecdb556c50c9e8de78 -> 
  custom:audio-decoder-ogg-vorbis: bf7c407c2cedff20999df2af8eb42d56 -> 
  custom:SearchIndexIgnoredProperties: e643bd26f0fe6173181afceb89e7c659 -> 
  custom:container-demuxer-ogg: 62fdf1f143b41e24485cea50d1cbac27 -> 
  custom:AudioImporter_EditorPlatform: d09bf68614088b80899f8185d706f6e7 -> 
  custom:CustomObjectIndexerAttribute: 9a22284fe3817be447336de3de66b15e -> 
  custom:container-demuxer-webm: 4f35f7cbe854078d1ac9338744f61a02 -> 
  custom:scripting/monoscript/fileName/InflictStatusAbilityEffect.cs: f57ea1c84c587b56150f402f43b05054 -> 
  custom:video-decoder-ogg-theora: a1e56fd34408186e4bbccfd4996cb3dc -> 
  custom:audio-encoder-webm-vorbis: bf7c407c2cedff20999df2af8eb42d56 -> 
  custom:framework-win-MediaFoundation: 216162199b28c13a410421893ffa2e32 -> 
  custom:scripting/precompiled-assembly-types:Assembly-CSharp: 08109eacfb0e9cf7b9c4bb08e9ec16c9 -> 687dce7e8850a6467b2a8d4ee6f7cc37
  custom:container-muxer-webm: aa71ff27fc2769a1b78a27578f13a17b -> 
========================================================================
Received Import Request.
  Time since last request: 328.906834 seconds.
  path: Assets/Resources/Abilities/Wand & Dagger/Bleed Bolt.prefab
  artifactKey: Guid(c5a5b9986009b424ba267cc136396dcf) Importer(815301076,1909f56bfc062723c751e8b465ee728b)
Start importing Assets/Resources/Abilities/Wand & Dagger/Bleed Bolt.prefab using Guid(c5a5b9986009b424ba267cc136396dcf) Importer(815301076,1909f56bfc062723c751e8b465ee728b) [PhysX] Initialized MultithreadedTaskDispatcher with 16 workers.
 -> (artifact id: 'b536194c1f48504145fe981d9d9a179f') in 0.048219 seconds
Number of updated asset objects reloaded before import = 0
Number of asset objects unloaded after import = 14
========================================================================
Received Import Request.
  Time since last request: 4.053506 seconds.
  path: Assets/Resources/Ability Catalog Recipes/Wand.asset
  artifactKey: Guid(c93f4fb11f4ddf54d94a3fffee6da285) Importer(815301076,1909f56bfc062723c751e8b465ee728b)
Start importing Assets/Resources/Ability Catalog Recipes/Wand.asset using Guid(c93f4fb11f4ddf54d94a3fffee6da285) Importer(815301076,1909f56bfc062723c751e8b465ee728b) [PhysX] Initialized MultithreadedTaskDispatcher with 16 workers.
 -> (artifact id: '392e6eeec6c010e34a51a2ff54083273') in 0.002959 seconds
Number of updated asset objects reloaded before import = 0
Number of asset objects unloaded after import = 1
========================================================================
Received Import Request.
  Time since last request: 29.005903 seconds.
  path: Assets/Resources/Abilities/Wand & Wand/RangedAtk.prefab
  artifactKey: Guid(63c05d11ac8be8e498c613cb8be2a22c) Importer(815301076,1909f56bfc062723c751e8b465ee728b)
Start importing Assets/Resources/Abilities/Wand & Wand/RangedAtk.prefab using Guid(63c05d11ac8be8e498c613cb8be2a22c) Importer(815301076,1909f56bfc062723c751e8b465ee728b) [PhysX] Initialized MultithreadedTaskDispatcher with 16 workers.
 -> (artifact id: 'e946cb22714d9077b04442424e993417') in 0.003288 seconds
Number of updated asset objects reloaded before import = 0
Number of asset objects unloaded after import = 11
========================================================================
Received Import Request.
  Time since last request: 36.427165 seconds.
  path: Assets/Resources/Abilities/Wand/Fire Bolt 1.prefab
  artifactKey: Guid(79550775a8d024b4085d2a75320e0f67) Importer(815301076,1909f56bfc062723c751e8b465ee728b)
Start importing Assets/Resources/Abilities/Wand/Fire Bolt 1.prefab using Guid(79550775a8d024b4085d2a75320e0f67) Importer(815301076,1909f56bfc062723c751e8b465ee728b) [PhysX] Initialized MultithreadedTaskDispatcher with 16 workers.
 -> (artifact id: 'bcfd8f267e9d728e6d1e7bacda95a920') in 0.002904 seconds
Number of updated asset objects reloaded before import = 0
Number of asset objects unloaded after import = 13
========================================================================
Received Import Request.
  Time since last request: 6.897347 seconds.
  path: Assets/Resources/Abilities/Wand/Ice Bolt.prefab
  artifactKey: Guid(79550775a8d024b4085d2a75320e0f67) Importer(815301076,1909f56bfc062723c751e8b465ee728b)
Start importing Assets/Resources/Abilities/Wand/Ice Bolt.prefab using Guid(79550775a8d024b4085d2a75320e0f67) Importer(815301076,1909f56bfc062723c751e8b465ee728b) [PhysX] Initialized MultithreadedTaskDispatcher with 16 workers.
 -> (artifact id: '2c414013143c8102dcd2f9f82c644c8b') in 0.002822 seconds
Number of updated asset objects reloaded before import = 0
Number of asset objects unloaded after import = 13
========================================================================
Received Import Request.
  Time since last request: 2.762004 seconds.
  path: Assets/Resources/Abilities/Wand/Ice Bolt.prefab
  artifactKey: Guid(79550775a8d024b4085d2a75320e0f67) Importer(815301076,1909f56bfc062723c751e8b465ee728b)
Start importing Assets/Resources/Abilities/Wand/Ice Bolt.prefab using Guid(79550775a8d024b4085d2a75320e0f67) Importer(815301076,1909f56bfc062723c751e8b465ee728b) [PhysX] Initialized MultithreadedTaskDispatcher with 16 workers.
 -> (artifact id: '091668c00ca938448926c56bcc86c678') in 0.003165 seconds
Number of updated asset objects reloaded before import = 0
Number of asset objects unloaded after import = 13
========================================================================
Received Import Request.
  Time since last request: 22.533934 seconds.
  path: Assets/Resources/Abilities/Wand/Ice Bolt.prefab
  artifactKey: Guid(79550775a8d024b4085d2a75320e0f67) Importer(815301076,1909f56bfc062723c751e8b465ee728b)
Start importing Assets/Resources/Abilities/Wand/Ice Bolt.prefab using Guid(79550775a8d024b4085d2a75320e0f67) Importer(815301076,1909f56bfc062723c751e8b465ee728b) [PhysX] Initialized MultithreadedTaskDispatcher with 16 workers.
 -> (artifact id: '9020c3a199637afc7c2494db99c9f899') in 0.002790 seconds
Number of updated asset objects reloaded before import = 0
Number of asset objects unloaded after import = 12
========================================================================
Received Import Request.
  Time since last request: 2.188509 seconds.
  path: Assets/Resources/Abilities/Wand/Ice Bolt.prefab
  artifactKey: Guid(79550775a8d024b4085d2a75320e0f67) Importer(815301076,1909f56bfc062723c751e8b465ee728b)
Start importing Assets/Resources/Abilities/Wand/Ice Bolt.prefab using Guid(79550775a8d024b4085d2a75320e0f67) Importer(815301076,1909f56bfc062723c751e8b465ee728b) [PhysX] Initialized MultithreadedTaskDispatcher with 16 workers.
 -> (artifact id: 'd6c80b6faf5a9e83f084e048efeb8ec0') in 0.002498 seconds
Number of updated asset objects reloaded before import = 0
Number of asset objects unloaded after import = 13
========================================================================
Received Import Request.
  Time since last request: 6.590447 seconds.
  path: Assets/Resources/Abilities/Wand/Ice Bolt.prefab
  artifactKey: Guid(79550775a8d024b4085d2a75320e0f67) Importer(815301076,1909f56bfc062723c751e8b465ee728b)
Start importing Assets/Resources/Abilities/Wand/Ice Bolt.prefab using Guid(79550775a8d024b4085d2a75320e0f67) Importer(815301076,1909f56bfc062723c751e8b465ee728b) [PhysX] Initialized MultithreadedTaskDispatcher with 16 workers.
 -> (artifact id: 'e638ecae41df209e09267edbb34ff28a') in 0.002676 seconds
Number of updated asset objects reloaded before import = 0
Number of asset objects unloaded after import = 12
========================================================================
Received Import Request.
  Time since last request: 2.463519 seconds.
  path: Assets/Resources/Abilities/Wand/Ice Bolt.prefab
  artifactKey: Guid(79550775a8d024b4085d2a75320e0f67) Importer(815301076,1909f56bfc062723c751e8b465ee728b)
Start importing Assets/Resources/Abilities/Wand/Ice Bolt.prefab using Guid(79550775a8d024b4085d2a75320e0f67) Importer(815301076,1909f56bfc062723c751e8b465ee728b) [PhysX] Initialized MultithreadedTaskDispatcher with 16 workers.
 -> (artifact id: 'db33114d997bfdd565c840c799a638fd') in 0.002505 seconds
Number of updated asset objects reloaded before import = 0
Number of asset objects unloaded after import = 13
========================================================================
Received Import Request.
  Time since last request: 8.437513 seconds.
  path: Assets/Resources/Abilities/Wand/Ice Bolt.prefab
  artifactKey: Guid(79550775a8d024b4085d2a75320e0f67) Importer(815301076,1909f56bfc062723c751e8b465ee728b)
Start importing Assets/Resources/Abilities/Wand/Ice Bolt.prefab using Guid(79550775a8d024b4085d2a75320e0f67) Importer(815301076,1909f56bfc062723c751e8b465ee728b) [PhysX] Initialized MultithreadedTaskDispatcher with 16 workers.
 -> (artifact id: 'abfb5929cfa97049ba06e19cfda44049') in 0.002796 seconds
Number of updated asset objects reloaded before import = 0
Number of asset objects unloaded after import = 13
========================================================================
Received Import Request.
  Time since last request: 20.701025 seconds.
  path: Assets/Resources/Abilities/Wand/Ice Bolt.prefab
  artifactKey: Guid(79550775a8d024b4085d2a75320e0f67) Importer(815301076,1909f56bfc062723c751e8b465ee728b)
Start importing Assets/Resources/Abilities/Wand/Ice Bolt.prefab using Guid(79550775a8d024b4085d2a75320e0f67) Importer(815301076,1909f56bfc062723c751e8b465ee728b) [PhysX] Initialized MultithreadedTaskDispatcher with 16 workers.
 -> (artifact id: 'ca95c57f771f1a9e8e9f4762a32767cf') in 0.003076 seconds
Number of updated asset objects reloaded before import = 0
Number of asset objects unloaded after import = 13
========================================================================
Received Import Request.
  Time since last request: 0.536614 seconds.
  path: Assets/Resources/Abilities/Wand/Ice Bolt 1.prefab
  artifactKey: Guid(a24c77230ac4e2748b28b86b9417bdb4) Importer(815301076,1909f56bfc062723c751e8b465ee728b)
Start importing Assets/Resources/Abilities/Wand/Ice Bolt 1.prefab using Guid(a24c77230ac4e2748b28b86b9417bdb4) Importer(815301076,1909f56bfc062723c751e8b465ee728b) [PhysX] Initialized MultithreadedTaskDispatcher with 16 workers.
 -> (artifact id: 'e7724920d287733d39611e72c463e18d') in 0.002527 seconds
Number of updated asset objects reloaded before import = 0
Number of asset objects unloaded after import = 13
========================================================================
Received Import Request.
  Time since last request: 6.513278 seconds.
  path: Assets/Resources/Abilities/Wand/Lightning Bolt.prefab
  artifactKey: Guid(a24c77230ac4e2748b28b86b9417bdb4) Importer(815301076,1909f56bfc062723c751e8b465ee728b)
Start importing Assets/Resources/Abilities/Wand/Lightning Bolt.prefab using Guid(a24c77230ac4e2748b28b86b9417bdb4) Importer(815301076,1909f56bfc062723c751e8b465ee728b) [PhysX] Initialized MultithreadedTaskDispatcher with 16 workers.
 -> (artifact id: '7cdc82bbe8311ef9ac9976f20d2c5fe2') in 0.002631 seconds
Number of updated asset objects reloaded before import = 0
Number of asset objects unloaded after import = 13
========================================================================
Received Import Request.
  Time since last request: 13.829254 seconds.
  path: Assets/Resources/Abilities/Wand/Lightning Bolt.prefab
  artifactKey: Guid(a24c77230ac4e2748b28b86b9417bdb4) Importer(815301076,1909f56bfc062723c751e8b465ee728b)
Start importing Assets/Resources/Abilities/Wand/Lightning Bolt.prefab using Guid(a24c77230ac4e2748b28b86b9417bdb4) Importer(815301076,1909f56bfc062723c751e8b465ee728b) [PhysX] Initialized MultithreadedTaskDispatcher with 16 workers.
 -> (artifact id: '9c87314b5aa7094b1435143eda00736f') in 0.002697 seconds
Number of updated asset objects reloaded before import = 0
Number of asset objects unloaded after import = 12
========================================================================
Received Import Request.
  Time since last request: 2.584889 seconds.
  path: Assets/Resources/Abilities/Wand/Lightning Bolt.prefab
  artifactKey: Guid(a24c77230ac4e2748b28b86b9417bdb4) Importer(815301076,1909f56bfc062723c751e8b465ee728b)
Start importing Assets/Resources/Abilities/Wand/Lightning Bolt.prefab using Guid(a24c77230ac4e2748b28b86b9417bdb4) Importer(815301076,1909f56bfc062723c751e8b465ee728b) [PhysX] Initialized MultithreadedTaskDispatcher with 16 workers.
 -> (artifact id: '17d65143e8e0fe44e6f204faca0b1b8a') in 0.003285 seconds
Number of updated asset objects reloaded before import = 0
Number of asset objects unloaded after import = 13
========================================================================
Received Import Request.
  Time since last request: 23.237909 seconds.
  path: Assets/Resources/Abilities/Wand/Lightning Bolt.prefab
  artifactKey: Guid(a24c77230ac4e2748b28b86b9417bdb4) Importer(815301076,1909f56bfc062723c751e8b465ee728b)
Start importing Assets/Resources/Abilities/Wand/Lightning Bolt.prefab using Guid(a24c77230ac4e2748b28b86b9417bdb4) Importer(815301076,1909f56bfc062723c751e8b465ee728b) [PhysX] Initialized MultithreadedTaskDispatcher with 16 workers.
 -> (artifact id: '92d5147a04c043ecbfe70856df477d87') in 0.003064 seconds
Number of updated asset objects reloaded before import = 0
Number of asset objects unloaded after import = 13
========================================================================
Received Import Request.
  Time since last request: 0.120816 seconds.
  path: Assets/Resources/Ability Catalog Recipes/Wand.asset
  artifactKey: Guid(c93f4fb11f4ddf54d94a3fffee6da285) Importer(815301076,1909f56bfc062723c751e8b465ee728b)
Start importing Assets/Resources/Ability Catalog Recipes/Wand.asset using Guid(c93f4fb11f4ddf54d94a3fffee6da285) Importer(815301076,1909f56bfc062723c751e8b465ee728b) [PhysX] Initialized MultithreadedTaskDispatcher with 16 workers.
 -> (artifact id: '6668219cd1f8e40648464a35aadbc271') in 0.001517 seconds
Number of updated asset objects reloaded before import = 0
Number of asset objects unloaded after import = 1
========================================================================
Received Prepare
Caller must complete domain reload
Begin MonoManager ReloadAssembly
- Loaded All Assemblies, in  0.616 seconds
Native extension for UWP target not found
Native extension for WindowsStandalone target not found
Mono: successfully reloaded assembly
- Finished resetting the current domain, in  0.976 seconds
Domain Reload Profiling: 1588ms
	BeginReloadAssembly (234ms)
		ExecutionOrderSort (0ms)
		DisableScriptedObjects (9ms)
		BackupInstance (0ms)
		ReleaseScriptingObjects (0ms)
		CreateAndSetChildDomain (30ms)
	RebuildCommonClasses (54ms)
	RebuildNativeTypeToScriptingClass (19ms)
	initialDomainReloadingComplete (49ms)
	LoadAllAssembliesAndSetupDomain (256ms)
		LoadAssemblies (392ms)
		RebuildTransferFunctionScriptingTraits (0ms)
		AnalyzeDomain (15ms)
			TypeCache.Refresh (5ms)
				TypeCache.ScanAssembly (0ms)
			ScanForSourceGeneratedMonoScriptInfo (0ms)
			ResolveRequiredComponents (9ms)
	FinalizeReload (976ms)
		ReleaseScriptCaches (0ms)
		RebuildScriptCaches (0ms)
		SetupLoadedEditorAssemblies (542ms)
			LogAssemblyErrors (0ms)
			InitializePlatformSupportModulesInManaged (16ms)
			SetLoadedEditorAssemblies (7ms)
			RefreshPlugins (0ms)
			BeforeProcessingInitializeOnLoad (110ms)
			ProcessInitializeOnLoadAttributes (355ms)
			ProcessInitializeOnLoadMethodAttributes (38ms)
			AfterProcessingInitializeOnLoad (15ms)
			EditorAssembliesLoaded (0ms)
		ExecutionOrderSort2 (0ms)
		AwakeInstancesAfterBackupRestoration (10ms)
Refreshing native plugins compatible for Editor in 1.59 ms, found 0 plugins.
Preloading 0 native plugins for Editor in 0.00 ms.
Unloading 1280 Unused Serialized files (Serialized files now loaded: 0)
Unloading 5 unused Assets / (23.9 KB). Loaded Objects now: 1819.
Memory consumption went from 77.5 MB to 77.5 MB.
Total: 3.222900 ms (FindLiveObjects: 0.165000 ms CreateObjectMapping: 0.073600 ms MarkObjects: 2.951300 ms  DeleteObjects: 0.032000 ms)

Prepare: number of updated asset objects reloaded= 0
AssetImportParameters requested are different than current active one (requested -> active):
  custom:video-encoder-webm-vp8: eb34c28f22e8b96e1ab97ce403110664 -> 
  custom:video-decoder-webm-vp8: 9c59270c3fd7afecdb556c50c9e8de78 -> 
  custom:audio-decoder-ogg-vorbis: bf7c407c2cedff20999df2af8eb42d56 -> 
  custom:SearchIndexIgnoredProperties: e643bd26f0fe6173181afceb89e7c659 -> 
  custom:container-demuxer-ogg: 62fdf1f143b41e24485cea50d1cbac27 -> 
  custom:AudioImporter_EditorPlatform: d09bf68614088b80899f8185d706f6e7 -> 
  custom:CustomObjectIndexerAttribute: 9a22284fe3817be447336de3de66b15e -> 
  custom:container-demuxer-webm: 4f35f7cbe854078d1ac9338744f61a02 -> 
  custom:scripting/monoscript/fileName/InflictStatusAbilityEffect.cs: f57ea1c84c587b56150f402f43b05054 -> 
  custom:video-decoder-ogg-theora: a1e56fd34408186e4bbccfd4996cb3dc -> 
  custom:audio-encoder-webm-vorbis: bf7c407c2cedff20999df2af8eb42d56 -> 
  custom:framework-win-MediaFoundation: 216162199b28c13a410421893ffa2e32 -> 
  custom:scripting/precompiled-assembly-types:Assembly-CSharp: 08109eacfb0e9cf7b9c4bb08e9ec16c9 -> 687dce7e8850a6467b2a8d4ee6f7cc37
  custom:container-muxer-webm: aa71ff27fc2769a1b78a27578f13a17b -> 
========================================================================
Received Import Request.
  Time since last request: 148.635621 seconds.
  path: Assets/Resources/Abilities/Wand/Lightning Bolt.prefab
  artifactKey: Guid(a24c77230ac4e2748b28b86b9417bdb4) Importer(815301076,1909f56bfc062723c751e8b465ee728b)
Start importing Assets/Resources/Abilities/Wand/Lightning Bolt.prefab using Guid(a24c77230ac4e2748b28b86b9417bdb4) Importer(815301076,1909f56bfc062723c751e8b465ee728b) [PhysX] Initialized MultithreadedTaskDispatcher with 16 workers.
 -> (artifact id: '57554e876c96671b05716de9885549a0') in 0.045916 seconds
Number of updated asset objects reloaded before import = 0
Number of asset objects unloaded after import = 12
========================================================================
Received Import Request.
  Time since last request: 8.315466 seconds.
  path: Assets/Resources/Abilities/Wand/Lightning Bolt.prefab
  artifactKey: Guid(a24c77230ac4e2748b28b86b9417bdb4) Importer(815301076,1909f56bfc062723c751e8b465ee728b)
Start importing Assets/Resources/Abilities/Wand/Lightning Bolt.prefab using Guid(a24c77230ac4e2748b28b86b9417bdb4) Importer(815301076,1909f56bfc062723c751e8b465ee728b) [PhysX] Initialized MultithreadedTaskDispatcher with 16 workers.
 -> (artifact id: 'f88bcf2bc307d413a1cb1f45908057d9') in 0.002853 seconds
Number of updated asset objects reloaded before import = 0
Number of asset objects unloaded after import = 13
========================================================================
Received Import Request.
  Time since last request: 3.742781 seconds.
  path: Assets/Resources/Abilities/Wand/Lightning Bolt.prefab
  artifactKey: Guid(a24c77230ac4e2748b28b86b9417bdb4) Importer(815301076,1909f56bfc062723c751e8b465ee728b)
Start importing Assets/Resources/Abilities/Wand/Lightning Bolt.prefab using Guid(a24c77230ac4e2748b28b86b9417bdb4) Importer(815301076,1909f56bfc062723c751e8b465ee728b) [PhysX] Initialized MultithreadedTaskDispatcher with 16 workers.
 -> (artifact id: '359690400c7c4180d3424229dd2dd19c') in 0.002587 seconds
Number of updated asset objects reloaded before import = 0
Number of asset objects unloaded after import = 13
========================================================================
Received Prepare
Caller must complete domain reload
Begin MonoManager ReloadAssembly
- Loaded All Assemblies, in  0.601 seconds
Native extension for UWP target not found
Native extension for WindowsStandalone target not found
Mono: successfully reloaded assembly
- Finished resetting the current domain, in  0.850 seconds
Domain Reload Profiling: 1448ms
	BeginReloadAssembly (225ms)
		ExecutionOrderSort (0ms)
		DisableScriptedObjects (9ms)
		BackupInstance (0ms)
		ReleaseScriptingObjects (0ms)
		CreateAndSetChildDomain (29ms)
	RebuildCommonClasses (54ms)
	RebuildNativeTypeToScriptingClass (19ms)
	initialDomainReloadingComplete (46ms)
	LoadAllAssembliesAndSetupDomain (253ms)
		LoadAssemblies (379ms)
		RebuildTransferFunctionScriptingTraits (0ms)
		AnalyzeDomain (17ms)
			TypeCache.Refresh (5ms)
				TypeCache.ScanAssembly (0ms)
			ScanForSourceGeneratedMonoScriptInfo (0ms)
			ResolveRequiredComponents (11ms)
	FinalizeReload (851ms)
		ReleaseScriptCaches (0ms)
		RebuildScriptCaches (0ms)
		SetupLoadedEditorAssemblies (531ms)
			LogAssemblyErrors (0ms)
			InitializePlatformSupportModulesInManaged (15ms)
			SetLoadedEditorAssemblies (7ms)
			RefreshPlugins (0ms)
			BeforeProcessingInitializeOnLoad (100ms)
			ProcessInitializeOnLoadAttributes (361ms)
			ProcessInitializeOnLoadMethodAttributes (32ms)
			AfterProcessingInitializeOnLoad (16ms)
			EditorAssembliesLoaded (0ms)
		ExecutionOrderSort2 (0ms)
		AwakeInstancesAfterBackupRestoration (9ms)
Refreshing native plugins compatible for Editor in 1.78 ms, found 0 plugins.
Preloading 0 native plugins for Editor in 0.00 ms.
Unloading 1280 Unused Serialized files (Serialized files now loaded: 0)
Unloading 5 unused Assets / (23.9 KB). Loaded Objects now: 1822.
Memory consumption went from 77.5 MB to 77.5 MB.
Total: 4.714900 ms (FindLiveObjects: 0.196800 ms CreateObjectMapping: 0.123400 ms MarkObjects: 4.343600 ms  DeleteObjects: 0.049500 ms)

Prepare: number of updated asset objects reloaded= 0
AssetImportParameters requested are different than current active one (requested -> active):
  custom:video-encoder-webm-vp8: eb34c28f22e8b96e1ab97ce403110664 -> 
  custom:video-decoder-webm-vp8: 9c59270c3fd7afecdb556c50c9e8de78 -> 
  custom:audio-decoder-ogg-vorbis: bf7c407c2cedff20999df2af8eb42d56 -> 
  custom:SearchIndexIgnoredProperties: e643bd26f0fe6173181afceb89e7c659 -> 
  custom:container-demuxer-ogg: 62fdf1f143b41e24485cea50d1cbac27 -> 
  custom:AudioImporter_EditorPlatform: d09bf68614088b80899f8185d706f6e7 -> 
  custom:CustomObjectIndexerAttribute: 9a22284fe3817be447336de3de66b15e -> 
  custom:container-demuxer-webm: 4f35f7cbe854078d1ac9338744f61a02 -> 
  custom:scripting/monoscript/fileName/InflictStatusAbilityEffect.cs: f57ea1c84c587b56150f402f43b05054 -> 
  custom:video-decoder-ogg-theora: a1e56fd34408186e4bbccfd4996cb3dc -> 
  custom:audio-encoder-webm-vorbis: bf7c407c2cedff20999df2af8eb42d56 -> 
  custom:framework-win-MediaFoundation: 216162199b28c13a410421893ffa2e32 -> 
  custom:scripting/precompiled-assembly-types:Assembly-CSharp: 08109eacfb0e9cf7b9c4bb08e9ec16c9 -> 687dce7e8850a6467b2a8d4ee6f7cc37
  custom:container-muxer-webm: aa71ff27fc2769a1b78a27578f13a17b -> 
========================================================================
Received Import Request.
  Time since last request: 159.812808 seconds.
  path: Assets/Scripts/View Model Component/Ability/Area of Effect/SpecifyAbilityArea.cs
  artifactKey: Guid(c2e71c49477765c4da09e58edd4b641c) Importer(815301076,1909f56bfc062723c751e8b465ee728b)
Start importing Assets/Scripts/View Model Component/Ability/Area of Effect/SpecifyAbilityArea.cs using Guid(c2e71c49477765c4da09e58edd4b641c) Importer(815301076,1909f56bfc062723c751e8b465ee728b) [PhysX] Initialized MultithreadedTaskDispatcher with 16 workers.
 -> (artifact id: '9b956b01c86292c20122d84034643520') in 0.004001 seconds
Number of updated asset objects reloaded before import = 0
Number of asset objects unloaded after import = 0
========================================================================
Received Prepare
Caller must complete domain reload
Begin MonoManager ReloadAssembly
- Loaded All Assemblies, in  0.630 seconds
Native extension for UWP target not found
Native extension for WindowsStandalone target not found
Mono: successfully reloaded assembly
- Finished resetting the current domain, in  0.892 seconds
Domain Reload Profiling: 1518ms
	BeginReloadAssembly (230ms)
		ExecutionOrderSort (0ms)
		DisableScriptedObjects (9ms)
		BackupInstance (0ms)
		ReleaseScriptingObjects (0ms)
		CreateAndSetChildDomain (29ms)
	RebuildCommonClasses (55ms)
	RebuildNativeTypeToScriptingClass (18ms)
	initialDomainReloadingComplete (50ms)
	LoadAllAssembliesAndSetupDomain (272ms)
		LoadAssemblies (385ms)
		RebuildTransferFunctionScriptingTraits (0ms)
		AnalyzeDomain (35ms)
			TypeCache.Refresh (11ms)
				TypeCache.ScanAssembly (3ms)
			ScanForSourceGeneratedMonoScriptInfo (15ms)
			ResolveRequiredComponents (8ms)
	FinalizeReload (893ms)
		ReleaseScriptCaches (0ms)
		RebuildScriptCaches (0ms)
		SetupLoadedEditorAssemblies (524ms)
			LogAssemblyErrors (0ms)
			InitializePlatformSupportModulesInManaged (15ms)
			SetLoadedEditorAssemblies (7ms)
			RefreshPlugins (0ms)
			BeforeProcessingInitializeOnLoad (98ms)
			ProcessInitializeOnLoadAttributes (356ms)
			ProcessInitializeOnLoadMethodAttributes (32ms)
			AfterProcessingInitializeOnLoad (15ms)
			EditorAssembliesLoaded (0ms)
		ExecutionOrderSort2 (0ms)
		AwakeInstancesAfterBackupRestoration (9ms)
Refreshing native plugins compatible for Editor in 1.57 ms, found 0 plugins.
Preloading 0 native plugins for Editor in 0.00 ms.
Unloading 1280 Unused Serialized files (Serialized files now loaded: 0)
Unloading 5 unused Assets / (23.9 KB). Loaded Objects now: 1825.
Memory consumption went from 77.5 MB to 77.5 MB.
Total: 3.369700 ms (FindLiveObjects: 0.160100 ms CreateObjectMapping: 0.065900 ms MarkObjects: 3.114900 ms  DeleteObjects: 0.027800 ms)

Prepare: number of updated asset objects reloaded= 0
AssetImportParameters requested are different than current active one (requested -> active):
  custom:video-encoder-webm-vp8: eb34c28f22e8b96e1ab97ce403110664 -> 
  custom:video-decoder-webm-vp8: 9c59270c3fd7afecdb556c50c9e8de78 -> 
  custom:audio-decoder-ogg-vorbis: bf7c407c2cedff20999df2af8eb42d56 -> 
  custom:SearchIndexIgnoredProperties: e643bd26f0fe6173181afceb89e7c659 -> 
  custom:container-demuxer-ogg: 62fdf1f143b41e24485cea50d1cbac27 -> 
  custom:AudioImporter_EditorPlatform: d09bf68614088b80899f8185d706f6e7 -> 
  custom:CustomObjectIndexerAttribute: 9a22284fe3817be447336de3de66b15e -> 
  custom:container-demuxer-webm: 4f35f7cbe854078d1ac9338744f61a02 -> 
  custom:scripting/monoscript/fileName/InflictStatusAbilityEffect.cs: f57ea1c84c587b56150f402f43b05054 -> 
  custom:video-decoder-ogg-theora: a1e56fd34408186e4bbccfd4996cb3dc -> 
  custom:audio-encoder-webm-vorbis: bf7c407c2cedff20999df2af8eb42d56 -> 
  custom:framework-win-MediaFoundation: 216162199b28c13a410421893ffa2e32 -> 
  custom:scripting/precompiled-assembly-types:Assembly-CSharp: 08109eacfb0e9cf7b9c4bb08e9ec16c9 -> 687dce7e8850a6467b2a8d4ee6f7cc37
  custom:container-muxer-webm: aa71ff27fc2769a1b78a27578f13a17b -> 
========================================================================
Received Prepare
Caller must complete domain reload
Begin MonoManager ReloadAssembly
- Loaded All Assemblies, in  0.591 seconds
Native extension for UWP target not found
Native extension for WindowsStandalone target not found
Mono: successfully reloaded assembly
- Finished resetting the current domain, in  0.848 seconds
Domain Reload Profiling: 1435ms
	BeginReloadAssembly (222ms)
		ExecutionOrderSort (0ms)
		DisableScriptedObjects (12ms)
		BackupInstance (0ms)
		ReleaseScriptingObjects (0ms)
		CreateAndSetChildDomain (29ms)
	RebuildCommonClasses (65ms)
	RebuildNativeTypeToScriptingClass (18ms)
	initialDomainReloadingComplete (47ms)
	LoadAllAssembliesAndSetupDomain (234ms)
		LoadAssemblies (355ms)
		RebuildTransferFunctionScriptingTraits (0ms)
		AnalyzeDomain (15ms)
			TypeCache.Refresh (5ms)
				TypeCache.ScanAssembly (0ms)
			ScanForSourceGeneratedMonoScriptInfo (0ms)
			ResolveRequiredComponents (9ms)
	FinalizeReload (849ms)
		ReleaseScriptCaches (0ms)
		RebuildScriptCaches (0ms)
		SetupLoadedEditorAssemblies (540ms)
			LogAssemblyErrors (0ms)
			InitializePlatformSupportModulesInManaged (18ms)
			SetLoadedEditorAssemblies (7ms)
			RefreshPlugins (0ms)
			BeforeProcessingInitializeOnLoad (104ms)
			ProcessInitializeOnLoadAttributes (363ms)
			ProcessInitializeOnLoadMethodAttributes (33ms)
			AfterProcessingInitializeOnLoad (15ms)
			EditorAssembliesLoaded (0ms)
		ExecutionOrderSort2 (0ms)
		AwakeInstancesAfterBackupRestoration (10ms)
Refreshing native plugins compatible for Editor in 1.63 ms, found 0 plugins.
Preloading 0 native plugins for Editor in 0.00 ms.
Unloading 1281 Unused Serialized files (Serialized files now loaded: 0)
Unloading 5 unused Assets / (23.9 KB). Loaded Objects now: 1828.
Memory consumption went from 77.8 MB to 77.8 MB.
Total: 3.234200 ms (FindLiveObjects: 0.171900 ms CreateObjectMapping: 0.077600 ms MarkObjects: 2.953300 ms  DeleteObjects: 0.030400 ms)

Prepare: number of updated asset objects reloaded= 0
AssetImportParameters requested are different than current active one (requested -> active):
  custom:video-encoder-webm-vp8: eb34c28f22e8b96e1ab97ce403110664 -> 
  custom:video-decoder-webm-vp8: 9c59270c3fd7afecdb556c50c9e8de78 -> 
  custom:audio-decoder-ogg-vorbis: bf7c407c2cedff20999df2af8eb42d56 -> 
  custom:SearchIndexIgnoredProperties: e643bd26f0fe6173181afceb89e7c659 -> 
  custom:container-demuxer-ogg: 62fdf1f143b41e24485cea50d1cbac27 -> 
  custom:AudioImporter_EditorPlatform: d09bf68614088b80899f8185d706f6e7 -> 
  custom:CustomObjectIndexerAttribute: 9a22284fe3817be447336de3de66b15e -> 
  custom:container-demuxer-webm: 4f35f7cbe854078d1ac9338744f61a02 -> 
  custom:scripting/monoscript/fileName/InflictStatusAbilityEffect.cs: f57ea1c84c587b56150f402f43b05054 -> 
  custom:video-decoder-ogg-theora: a1e56fd34408186e4bbccfd4996cb3dc -> 
  custom:audio-encoder-webm-vorbis: bf7c407c2cedff20999df2af8eb42d56 -> 
  custom:framework-win-MediaFoundation: 216162199b28c13a410421893ffa2e32 -> 
  custom:scripting/precompiled-assembly-types:Assembly-CSharp: 08109eacfb0e9cf7b9c4bb08e9ec16c9 -> 687dce7e8850a6467b2a8d4ee6f7cc37
  custom:container-muxer-webm: aa71ff27fc2769a1b78a27578f13a17b -> 
========================================================================
Received Import Request.
  Time since last request: 244.125313 seconds.
  path: Assets/Resources/Abilities/Wand/Ice Bolt.prefab
  artifactKey: Guid(79550775a8d024b4085d2a75320e0f67) Importer(815301076,1909f56bfc062723c751e8b465ee728b)
Start importing Assets/Resources/Abilities/Wand/Ice Bolt.prefab using Guid(79550775a8d024b4085d2a75320e0f67) Importer(815301076,1909f56bfc062723c751e8b465ee728b) [PhysX] Initialized MultithreadedTaskDispatcher with 16 workers.
 -> (artifact id: '609f5c926ed15eb35ac5182b229f969a') in 0.043627 seconds
Number of updated asset objects reloaded before import = 0
Number of asset objects unloaded after import = 13
========================================================================
Received Prepare
Caller must complete domain reload
Begin MonoManager ReloadAssembly
- Loaded All Assemblies, in  0.582 seconds
Native extension for UWP target not found
Native extension for WindowsStandalone target not found
Mono: successfully reloaded assembly
- Finished resetting the current domain, in  0.879 seconds
Domain Reload Profiling: 1457ms
	BeginReloadAssembly (220ms)
		ExecutionOrderSort (0ms)
		DisableScriptedObjects (9ms)
		BackupInstance (0ms)
		ReleaseScriptingObjects (0ms)
		CreateAndSetChildDomain (28ms)
	RebuildCommonClasses (55ms)
	RebuildNativeTypeToScriptingClass (18ms)
	initialDomainReloadingComplete (46ms)
	LoadAllAssembliesAndSetupDomain (239ms)
		LoadAssemblies (364ms)
		RebuildTransferFunctionScriptingTraits (0ms)
		AnalyzeDomain (15ms)
			TypeCache.Refresh (5ms)
				TypeCache.ScanAssembly (0ms)
			ScanForSourceGeneratedMonoScriptInfo (0ms)
			ResolveRequiredComponents (9ms)
	FinalizeReload (880ms)
		ReleaseScriptCaches (0ms)
		RebuildScriptCaches (0ms)
		SetupLoadedEditorAssemblies (546ms)
			LogAssemblyErrors (0ms)
			InitializePlatformSupportModulesInManaged (16ms)
			SetLoadedEditorAssemblies (8ms)
			RefreshPlugins (0ms)
			BeforeProcessingInitializeOnLoad (105ms)
			ProcessInitializeOnLoadAttributes (367ms)
			ProcessInitializeOnLoadMethodAttributes (33ms)
			AfterProcessingInitializeOnLoad (17ms)
			EditorAssembliesLoaded (0ms)
		ExecutionOrderSort2 (0ms)
		AwakeInstancesAfterBackupRestoration (10ms)
Refreshing native plugins compatible for Editor in 1.93 ms, found 0 plugins.
Preloading 0 native plugins for Editor in 0.00 ms.
Unloading 1280 Unused Serialized files (Serialized files now loaded: 0)
Unloading 5 unused Assets / (23.8 KB). Loaded Objects now: 1831.
Memory consumption went from 77.5 MB to 77.5 MB.
Total: 3.556700 ms (FindLiveObjects: 0.190500 ms CreateObjectMapping: 0.078900 ms MarkObjects: 3.253900 ms  DeleteObjects: 0.032500 ms)

Prepare: number of updated asset objects reloaded= 0
AssetImportParameters requested are different than current active one (requested -> active):
  custom:video-encoder-webm-vp8: eb34c28f22e8b96e1ab97ce403110664 -> 
  custom:video-decoder-webm-vp8: 9c59270c3fd7afecdb556c50c9e8de78 -> 
  custom:audio-decoder-ogg-vorbis: bf7c407c2cedff20999df2af8eb42d56 -> 
  custom:SearchIndexIgnoredProperties: e643bd26f0fe6173181afceb89e7c659 -> 
  custom:container-demuxer-ogg: 62fdf1f143b41e24485cea50d1cbac27 -> 
  custom:AudioImporter_EditorPlatform: d09bf68614088b80899f8185d706f6e7 -> 
  custom:CustomObjectIndexerAttribute: 9a22284fe3817be447336de3de66b15e -> 
  custom:container-demuxer-webm: 4f35f7cbe854078d1ac9338744f61a02 -> 
  custom:scripting/monoscript/fileName/InflictStatusAbilityEffect.cs: f57ea1c84c587b56150f402f43b05054 -> 
  custom:video-decoder-ogg-theora: a1e56fd34408186e4bbccfd4996cb3dc -> 
  custom:audio-encoder-webm-vorbis: bf7c407c2cedff20999df2af8eb42d56 -> 
  custom:framework-win-MediaFoundation: 216162199b28c13a410421893ffa2e32 -> 
  custom:scripting/precompiled-assembly-types:Assembly-CSharp: 08109eacfb0e9cf7b9c4bb08e9ec16c9 -> 687dce7e8850a6467b2a8d4ee6f7cc37
  custom:container-muxer-webm: aa71ff27fc2769a1b78a27578f13a17b -> 
========================================================================
Received Prepare
Caller must complete domain reload
Begin MonoManager ReloadAssembly
- Loaded All Assemblies, in  0.590 seconds
Native extension for UWP target not found
Native extension for WindowsStandalone target not found
Mono: successfully reloaded assembly
- Finished resetting the current domain, in  0.866 seconds
Domain Reload Profiling: 1451ms
	BeginReloadAssembly (223ms)
		ExecutionOrderSort (0ms)
		DisableScriptedObjects (9ms)
		BackupInstance (0ms)
		ReleaseScriptingObjects (0ms)
		CreateAndSetChildDomain (27ms)
	RebuildCommonClasses (55ms)
	RebuildNativeTypeToScriptingClass (18ms)
	initialDomainReloadingComplete (52ms)
	LoadAllAssembliesAndSetupDomain (237ms)
		LoadAssemblies (364ms)
		RebuildTransferFunctionScriptingTraits (0ms)
		AnalyzeDomain (15ms)
			TypeCache.Refresh (5ms)
				TypeCache.ScanAssembly (0ms)
			ScanForSourceGeneratedMonoScriptInfo (0ms)
			ResolveRequiredComponents (9ms)
	FinalizeReload (867ms)
		ReleaseScriptCaches (0ms)
		RebuildScriptCaches (0ms)
		SetupLoadedEditorAssemblies (558ms)
			LogAssemblyErrors (0ms)
			InitializePlatformSupportModulesInManaged (17ms)
			SetLoadedEditorAssemblies (7ms)
			RefreshPlugins (0ms)
			BeforeProcessingInitializeOnLoad (114ms)
			ProcessInitializeOnLoadAttributes (366ms)
			ProcessInitializeOnLoadMethodAttributes (35ms)
			AfterProcessingInitializeOnLoad (19ms)
			EditorAssembliesLoaded (0ms)
		ExecutionOrderSort2 (0ms)
		AwakeInstancesAfterBackupRestoration (10ms)
Refreshing native plugins compatible for Editor in 1.56 ms, found 0 plugins.
Preloading 0 native plugins for Editor in 0.00 ms.
Unloading 1281 Unused Serialized files (Serialized files now loaded: 0)
Unloading 5 unused Assets / (23.9 KB). Loaded Objects now: 1834.
Memory consumption went from 77.8 MB to 77.8 MB.
Total: 3.284700 ms (FindLiveObjects: 0.205200 ms CreateObjectMapping: 0.125100 ms MarkObjects: 2.925300 ms  DeleteObjects: 0.028100 ms)

Prepare: number of updated asset objects reloaded= 0
AssetImportParameters requested are different than current active one (requested -> active):
  custom:video-encoder-webm-vp8: eb34c28f22e8b96e1ab97ce403110664 -> 
  custom:video-decoder-webm-vp8: 9c59270c3fd7afecdb556c50c9e8de78 -> 
  custom:audio-decoder-ogg-vorbis: bf7c407c2cedff20999df2af8eb42d56 -> 
  custom:SearchIndexIgnoredProperties: e643bd26f0fe6173181afceb89e7c659 -> 
  custom:container-demuxer-ogg: 62fdf1f143b41e24485cea50d1cbac27 -> 
  custom:AudioImporter_EditorPlatform: d09bf68614088b80899f8185d706f6e7 -> 
  custom:CustomObjectIndexerAttribute: 9a22284fe3817be447336de3de66b15e -> 
  custom:container-demuxer-webm: 4f35f7cbe854078d1ac9338744f61a02 -> 
  custom:scripting/monoscript/fileName/InflictStatusAbilityEffect.cs: f57ea1c84c587b56150f402f43b05054 -> 
  custom:video-decoder-ogg-theora: a1e56fd34408186e4bbccfd4996cb3dc -> 
  custom:audio-encoder-webm-vorbis: bf7c407c2cedff20999df2af8eb42d56 -> 
  custom:framework-win-MediaFoundation: 216162199b28c13a410421893ffa2e32 -> 
  custom:scripting/precompiled-assembly-types:Assembly-CSharp: 08109eacfb0e9cf7b9c4bb08e9ec16c9 -> 687dce7e8850a6467b2a8d4ee6f7cc37
  custom:container-muxer-webm: aa71ff27fc2769a1b78a27578f13a17b -> 
========================================================================
Received Import Request.
  Time since last request: 65.050775 seconds.
  path: Assets/Resources/Abilities/Wand/Lightning Bolt.prefab
  artifactKey: Guid(a24c77230ac4e2748b28b86b9417bdb4) Importer(815301076,1909f56bfc062723c751e8b465ee728b)
Start importing Assets/Resources/Abilities/Wand/Lightning Bolt.prefab using Guid(a24c77230ac4e2748b28b86b9417bdb4) Importer(815301076,1909f56bfc062723c751e8b465ee728b) [PhysX] Initialized MultithreadedTaskDispatcher with 16 workers.
 -> (artifact id: 'd5deaa2e777c8c96b4cc632f3143b4a4') in 0.042749 seconds
Number of updated asset objects reloaded before import = 0
Number of asset objects unloaded after import = 13
========================================================================
Received Import Request.
  Time since last request: 187.947227 seconds.
  path: Assets/Resources/Abilities/Wand/Lightning Bolt 1.prefab
  artifactKey: Guid(ef3726ae06cbf4f45a7b707656226d02) Importer(815301076,1909f56bfc062723c751e8b465ee728b)
Start importing Assets/Resources/Abilities/Wand/Lightning Bolt 1.prefab using Guid(ef3726ae06cbf4f45a7b707656226d02) Importer(815301076,1909f56bfc062723c751e8b465ee728b) [PhysX] Initialized MultithreadedTaskDispatcher with 16 workers.
 -> (artifact id: '723b81643b001eb6267117a61b8bab39') in 0.003457 seconds
Number of updated asset objects reloaded before import = 0
Number of asset objects unloaded after import = 13
========================================================================
Received Import Request.
  Time since last request: 5.929134 seconds.
  path: Assets/Resources/Abilities/Wand & Dagger/Lightning Bolt.prefab
  artifactKey: Guid(ef3726ae06cbf4f45a7b707656226d02) Importer(815301076,1909f56bfc062723c751e8b465ee728b)
Start importing Assets/Resources/Abilities/Wand & Dagger/Lightning Bolt.prefab using Guid(ef3726ae06cbf4f45a7b707656226d02) Importer(815301076,1909f56bfc062723c751e8b465ee728b) [PhysX] Initialized MultithreadedTaskDispatcher with 16 workers.
 -> (artifact id: '1c0ea621afe85be7e237aab03bf4bae7') in 0.002726 seconds
Number of updated asset objects reloaded before import = 0
Number of asset objects unloaded after import = 13
========================================================================
Received Import Request.
  Time since last request: 14.581254 seconds.
  path: Assets/Resources/Abilities/Dagger/Move +1 1.prefab
  artifactKey: Guid(c724bfc942e44304c94ff6aadfd996e1) Importer(815301076,1909f56bfc062723c751e8b465ee728b)
Start importing Assets/Resources/Abilities/Dagger/Move +1 1.prefab using Guid(c724bfc942e44304c94ff6aadfd996e1) Importer(815301076,1909f56bfc062723c751e8b465ee728b) [PhysX] Initialized MultithreadedTaskDispatcher with 16 workers.
 -> (artifact id: 'f3cb009225c181fb3d041082c086c5ba') in 0.002704 seconds
Number of updated asset objects reloaded before import = 0
Number of asset objects unloaded after import = 7
========================================================================
Received Import Request.
  Time since last request: 7.848205 seconds.
  path: Assets/Resources/Abilities/Wand & Dagger/Move +1.prefab
  artifactKey: Guid(c724bfc942e44304c94ff6aadfd996e1) Importer(815301076,1909f56bfc062723c751e8b465ee728b)
Start importing Assets/Resources/Abilities/Wand & Dagger/Move +1.prefab using Guid(c724bfc942e44304c94ff6aadfd996e1) Importer(815301076,1909f56bfc062723c751e8b465ee728b) [PhysX] Initialized MultithreadedTaskDispatcher with 16 workers.
 -> (artifact id: '621f542be8736ac88030e6a28ade0f85') in 0.002422 seconds
Number of updated asset objects reloaded before import = 0
Number of asset objects unloaded after import = 7
========================================================================
Received Import Request.
  Time since last request: 6.454872 seconds.
  path: Assets/Resources/Abilities/Dagger/Move +1 1.prefab
  artifactKey: Guid(a995bd28b08cbb94ebc97d5e1bf69011) Importer(815301076,1909f56bfc062723c751e8b465ee728b)
Start importing Assets/Resources/Abilities/Dagger/Move +1 1.prefab using Guid(a995bd28b08cbb94ebc97d5e1bf69011) Importer(815301076,1909f56bfc062723c751e8b465ee728b) [PhysX] Initialized MultithreadedTaskDispatcher with 16 workers.
 -> (artifact id: '73e79eb3318351d776cc3c252caf4cfa') in 0.002756 seconds
Number of updated asset objects reloaded before import = 0
Number of asset objects unloaded after import = 7
========================================================================
Received Import Request.
  Time since last request: 6.425434 seconds.
  path: Assets/Resources/Abilities/Dagger & Dagger/Move +1.prefab
  artifactKey: Guid(a995bd28b08cbb94ebc97d5e1bf69011) Importer(815301076,1909f56bfc062723c751e8b465ee728b)
Start importing Assets/Resources/Abilities/Dagger & Dagger/Move +1.prefab using Guid(a995bd28b08cbb94ebc97d5e1bf69011) Importer(815301076,1909f56bfc062723c751e8b465ee728b) [PhysX] Initialized MultithreadedTaskDispatcher with 16 workers.
 -> (artifact id: 'dc4ed5c5a7e4f6c5351577b42a03cb2b') in 0.002351 seconds
Number of updated asset objects reloaded before import = 0
Number of asset objects unloaded after import = 7
========================================================================
Received Import Request.
  Time since last request: 0.827781 seconds.
  path: Assets/Resources/Abilities/Dagger & Dagger/Move +1 1.prefab
  artifactKey: Guid(61419bf6504e4594fa792027f79ce78a) Importer(815301076,1909f56bfc062723c751e8b465ee728b)
Start importing Assets/Resources/Abilities/Dagger & Dagger/Move +1 1.prefab using Guid(61419bf6504e4594fa792027f79ce78a) Importer(815301076,1909f56bfc062723c751e8b465ee728b) [PhysX] Initialized MultithreadedTaskDispatcher with 16 workers.
 -> (artifact id: 'caab277017fa4f4ed6cb05c4bd174b85') in 0.002436 seconds
Number of updated asset objects reloaded before import = 0
Number of asset objects unloaded after import = 7
========================================================================
Received Import Request.
  Time since last request: 4.808045 seconds.
  path: Assets/Resources/Abilities/Dagger & Wand/Move +1.prefab
  artifactKey: Guid(61419bf6504e4594fa792027f79ce78a) Importer(815301076,1909f56bfc062723c751e8b465ee728b)
Start importing Assets/Resources/Abilities/Dagger & Wand/Move +1.prefab using Guid(61419bf6504e4594fa792027f79ce78a) Importer(815301076,1909f56bfc062723c751e8b465ee728b) [PhysX] Initialized MultithreadedTaskDispatcher with 16 workers.
 -> (artifact id: '9cf54eb4fbffa9f24a8680984f76e73b') in 0.002531 seconds
Number of updated asset objects reloaded before import = 0
Number of asset objects unloaded after import = 7
========================================================================
Received Import Request.
  Time since last request: 14.500915 seconds.
  path: Assets/Resources/Abilities/Dagger & Wand/Move +1 1.prefab
  artifactKey: Guid(283e915d36094e04781b5a3314e52635) Importer(815301076,1909f56bfc062723c751e8b465ee728b)
Start importing Assets/Resources/Abilities/Dagger & Wand/Move +1 1.prefab using Guid(283e915d36094e04781b5a3314e52635) Importer(815301076,1909f56bfc062723c751e8b465ee728b) [PhysX] Initialized MultithreadedTaskDispatcher with 16 workers.
 -> (artifact id: '05d12405f52210412665f7fdcb999e3b') in 0.002380 seconds
Number of updated asset objects reloaded before import = 0
Number of asset objects unloaded after import = 7
========================================================================
Received Import Request.
  Time since last request: 6.839459 seconds.
  path: Assets/Resources/Abilities/Dagger & Wand/Attack +1.prefab
  artifactKey: Guid(283e915d36094e04781b5a3314e52635) Importer(815301076,1909f56bfc062723c751e8b465ee728b)
Start importing Assets/Resources/Abilities/Dagger & Wand/Attack +1.prefab using Guid(283e915d36094e04781b5a3314e52635) Importer(815301076,1909f56bfc062723c751e8b465ee728b) [PhysX] Initialized MultithreadedTaskDispatcher with 16 workers.
 -> (artifact id: 'c1fb58620830abfc1b9573f200060b2d') in 0.002453 seconds
Number of updated asset objects reloaded before import = 0
Number of asset objects unloaded after import = 7
========================================================================
Received Import Request.
  Time since last request: 11.128081 seconds.
  path: Assets/Resources/Abilities/Dagger & Wand/Attack +1.prefab
  artifactKey: Guid(283e915d36094e04781b5a3314e52635) Importer(815301076,1909f56bfc062723c751e8b465ee728b)
Start importing Assets/Resources/Abilities/Dagger & Wand/Attack +1.prefab using Guid(283e915d36094e04781b5a3314e52635) Importer(815301076,1909f56bfc062723c751e8b465ee728b) [PhysX] Initialized MultithreadedTaskDispatcher with 16 workers.
 -> (artifact id: 'd34d09079ab198ce064e1583b9d0d882') in 0.002352 seconds
Number of updated asset objects reloaded before import = 0
Number of asset objects unloaded after import = 7
========================================================================
Received Import Request.
  Time since last request: 49.472034 seconds.
  path: Assets/Resources/Abilities/Dagger & Dagger/Far Stab 1.prefab
  artifactKey: Guid(d779585ec28ffcf4b9070213e3d96833) Importer(815301076,1909f56bfc062723c751e8b465ee728b)
Start importing Assets/Resources/Abilities/Dagger & Dagger/Far Stab 1.prefab using Guid(d779585ec28ffcf4b9070213e3d96833) Importer(815301076,1909f56bfc062723c751e8b465ee728b) [PhysX] Initialized MultithreadedTaskDispatcher with 16 workers.
 -> (artifact id: '84d341d965f7f81261f908cd8dee1971') in 0.003195 seconds
Number of updated asset objects reloaded before import = 0
Number of asset objects unloaded after import = 13
========================================================================
Received Import Request.
  Time since last request: 5.302687 seconds.
  path: Assets/Resources/Abilities/Dagger/Far Stab.prefab
  artifactKey: Guid(d779585ec28ffcf4b9070213e3d96833) Importer(815301076,1909f56bfc062723c751e8b465ee728b)
Start importing Assets/Resources/Abilities/Dagger/Far Stab.prefab using Guid(d779585ec28ffcf4b9070213e3d96833) Importer(815301076,1909f56bfc062723c751e8b465ee728b) [PhysX] Initialized MultithreadedTaskDispatcher with 16 workers.
 -> (artifact id: 'c6185041ded5b06fa529c6e1ec156788') in 0.002601 seconds
Number of updated asset objects reloaded before import = 0
Number of asset objects unloaded after import = 13
========================================================================
Received Import Request.
  Time since last request: 8.798616 seconds.
  path: Assets/Resources/Abilities/Dagger/Far Stab.prefab
  artifactKey: Guid(d779585ec28ffcf4b9070213e3d96833) Importer(815301076,1909f56bfc062723c751e8b465ee728b)
Start importing Assets/Resources/Abilities/Dagger/Far Stab.prefab using Guid(d779585ec28ffcf4b9070213e3d96833) Importer(815301076,1909f56bfc062723c751e8b465ee728b) [PhysX] Initialized MultithreadedTaskDispatcher with 16 workers.
 -> (artifact id: '4e0055d41aef1fb38211ca79c85ff0e8') in 0.002539 seconds
Number of updated asset objects reloaded before import = 0
Number of asset objects unloaded after import = 13
========================================================================
Received Import Request.
  Time since last request: 4.015133 seconds.
  path: Assets/Resources/Abilities/Dagger & Dagger/Far Stab.prefab
  artifactKey: Guid(ffecca316f546014eb69d1343a75b6e9) Importer(815301076,1909f56bfc062723c751e8b465ee728b)
Start importing Assets/Resources/Abilities/Dagger & Dagger/Far Stab.prefab using Guid(ffecca316f546014eb69d1343a75b6e9) Importer(815301076,1909f56bfc062723c751e8b465ee728b) [PhysX] Initialized MultithreadedTaskDispatcher with 16 workers.
 -> (artifact id: '147206dad326e93892ca5f1360d632c5') in 0.003564 seconds
Number of updated asset objects reloaded before import = 0
Number of asset objects unloaded after import = 13
========================================================================
Received Import Request.
  Time since last request: 11.784871 seconds.
  path: Assets/Resources/Abilities/Dagger & Dagger/Far Stab 1.prefab
  artifactKey: Guid(e9dfbe6d7dfe7a04992260aea4c5aafc) Importer(815301076,1909f56bfc062723c751e8b465ee728b)
Start importing Assets/Resources/Abilities/Dagger & Dagger/Far Stab 1.prefab using Guid(e9dfbe6d7dfe7a04992260aea4c5aafc) Importer(815301076,1909f56bfc062723c751e8b465ee728b) [PhysX] Initialized MultithreadedTaskDispatcher with 16 workers.
 -> (artifact id: '211cc0844921b8b4399cbc7b64f68ee8') in 0.002493 seconds
Number of updated asset objects reloaded before import = 0
Number of asset objects unloaded after import = 13
========================================================================
Received Import Request.
  Time since last request: 13.868041 seconds.
  path: Assets/Resources/Abilities/Dagger & Wand/Far Stab+.prefab
  artifactKey: Guid(e9dfbe6d7dfe7a04992260aea4c5aafc) Importer(815301076,1909f56bfc062723c751e8b465ee728b)
Start importing Assets/Resources/Abilities/Dagger & Wand/Far Stab+.prefab using Guid(e9dfbe6d7dfe7a04992260aea4c5aafc) Importer(815301076,1909f56bfc062723c751e8b465ee728b) [PhysX] Initialized MultithreadedTaskDispatcher with 16 workers.
 -> (artifact id: 'b79209fc15733f85b0bfebc6d355f05b') in 0.002482 seconds
Number of updated asset objects reloaded before import = 0
Number of asset objects unloaded after import = 13
========================================================================
Received Import Request.
  Time since last request: 12.570701 seconds.
  path: Assets/Resources/Abilities/Dagger & Wand/Far Stab+.prefab
  artifactKey: Guid(e9dfbe6d7dfe7a04992260aea4c5aafc) Importer(815301076,1909f56bfc062723c751e8b465ee728b)
Start importing Assets/Resources/Abilities/Dagger & Wand/Far Stab+.prefab using Guid(e9dfbe6d7dfe7a04992260aea4c5aafc) Importer(815301076,1909f56bfc062723c751e8b465ee728b) [PhysX] Initialized MultithreadedTaskDispatcher with 16 workers.
 -> (artifact id: 'b53b4f579c693609f079aeafbe972d53') in 0.002573 seconds
Number of updated asset objects reloaded before import = 0
Number of asset objects unloaded after import = 13
========================================================================
Received Import Request.
  Time since last request: 2.409316 seconds.
  path: Assets/Resources/Abilities/Dagger & Wand/Far Stab+.prefab
  artifactKey: Guid(e9dfbe6d7dfe7a04992260aea4c5aafc) Importer(815301076,1909f56bfc062723c751e8b465ee728b)
Start importing Assets/Resources/Abilities/Dagger & Wand/Far Stab+.prefab using Guid(e9dfbe6d7dfe7a04992260aea4c5aafc) Importer(815301076,1909f56bfc062723c751e8b465ee728b) [PhysX] Initialized MultithreadedTaskDispatcher with 16 workers.
 -> (artifact id: '5c1bef5e003ce87933717f301b15992e') in 0.002487 seconds
Number of updated asset objects reloaded before import = 0
Number of asset objects unloaded after import = 13
========================================================================
Received Import Request.
  Time since last request: 47.268825 seconds.
  path: Assets/Resources/Abilities/Wand/Ice Bolt 1.prefab
  artifactKey: Guid(75541e158f0fad14e9445ce76bb81fc6) Importer(815301076,1909f56bfc062723c751e8b465ee728b)
Start importing Assets/Resources/Abilities/Wand/Ice Bolt 1.prefab using Guid(75541e158f0fad14e9445ce76bb81fc6) Importer(815301076,1909f56bfc062723c751e8b465ee728b) [PhysX] Initialized MultithreadedTaskDispatcher with 16 workers.
 -> (artifact id: '73ad3ddd5a718f763ab2c8c47bcd5e13') in 0.003305 seconds
Number of updated asset objects reloaded before import = 0
Number of asset objects unloaded after import = 13
========================================================================
Received Import Request.
  Time since last request: 10.296273 seconds.
  path: Assets/Resources/Abilities/Wand & Wand/Ice Bolt+.prefab
  artifactKey: Guid(75541e158f0fad14e9445ce76bb81fc6) Importer(815301076,1909f56bfc062723c751e8b465ee728b)
Start importing Assets/Resources/Abilities/Wand & Wand/Ice Bolt+.prefab using Guid(75541e158f0fad14e9445ce76bb81fc6) Importer(815301076,1909f56bfc062723c751e8b465ee728b) [PhysX] Initialized MultithreadedTaskDispatcher with 16 workers.
 -> (artifact id: '4136c2537c474b6f55363abf18299483') in 0.002691 seconds
Number of updated asset objects reloaded before import = 0
Number of asset objects unloaded after import = 13
========================================================================
Received Import Request.
  Time since last request: 4.154703 seconds.
  path: Assets/Resources/Abilities/Wand & Wand/Ice Bolt+.prefab
  artifactKey: Guid(75541e158f0fad14e9445ce76bb81fc6) Importer(815301076,1909f56bfc062723c751e8b465ee728b)
Start importing Assets/Resources/Abilities/Wand & Wand/Ice Bolt+.prefab using Guid(75541e158f0fad14e9445ce76bb81fc6) Importer(815301076,1909f56bfc062723c751e8b465ee728b) [PhysX] Initialized MultithreadedTaskDispatcher with 16 workers.
 -> (artifact id: '42b17879221139c9ad6602f882fcf31f') in 0.002586 seconds
Number of updated asset objects reloaded before import = 0
Number of asset objects unloaded after import = 13
========================================================================
Received Import Request.
  Time since last request: 19.429073 seconds.
  path: Assets/Resources/Abilities/Wand & Dagger/Lightning Bolt 1.prefab
  artifactKey: Guid(e50cfa21d182cab4480437afee64ae29) Importer(815301076,1909f56bfc062723c751e8b465ee728b)
Start importing Assets/Resources/Abilities/Wand & Dagger/Lightning Bolt 1.prefab using Guid(e50cfa21d182cab4480437afee64ae29) Importer(815301076,1909f56bfc062723c751e8b465ee728b) [PhysX] Initialized MultithreadedTaskDispatcher with 16 workers.
 -> (artifact id: 'beca7100e4cce8cfafc7c3e98993f16a') in 0.002551 seconds
Number of updated asset objects reloaded before import = 0
Number of asset objects unloaded after import = 13
========================================================================
Received Import Request.
  Time since last request: 7.774050 seconds.
  path: Assets/Resources/Abilities/Wand & Wand/Lightning Bolt+.prefab
  artifactKey: Guid(e50cfa21d182cab4480437afee64ae29) Importer(815301076,1909f56bfc062723c751e8b465ee728b)
Start importing Assets/Resources/Abilities/Wand & Wand/Lightning Bolt+.prefab using Guid(e50cfa21d182cab4480437afee64ae29) Importer(815301076,1909f56bfc062723c751e8b465ee728b) [PhysX] Initialized MultithreadedTaskDispatcher with 16 workers.
 -> (artifact id: '9f524942ee6ebaf6760f55e48f703623') in 0.002553 seconds
Number of updated asset objects reloaded before import = 0
Number of asset objects unloaded after import = 13
========================================================================
Received Import Request.
  Time since last request: 15.384197 seconds.
  path: Assets/Resources/Abilities/Wand & Wand/Lightning Bolt+.prefab
  artifactKey: Guid(e50cfa21d182cab4480437afee64ae29) Importer(815301076,1909f56bfc062723c751e8b465ee728b)
Start importing Assets/Resources/Abilities/Wand & Wand/Lightning Bolt+.prefab using Guid(e50cfa21d182cab4480437afee64ae29) Importer(815301076,1909f56bfc062723c751e8b465ee728b) [PhysX] Initialized MultithreadedTaskDispatcher with 16 workers.
 -> (artifact id: '0f7b2252dd46edf567779efa2bc5a718') in 0.002645 seconds
Number of updated asset objects reloaded before import = 0
Number of asset objects unloaded after import = 13
========================================================================
Received Import Request.
  Time since last request: 8.559200 seconds.
  path: Assets/Resources/Abilities/Wand & Wand/Fire Bolt+.prefab
  artifactKey: Guid(d8cca01e3a78c8f408224892b8960e46) Importer(815301076,1909f56bfc062723c751e8b465ee728b)
Start importing Assets/Resources/Abilities/Wand & Wand/Fire Bolt+.prefab using Guid(d8cca01e3a78c8f408224892b8960e46) Importer(815301076,1909f56bfc062723c751e8b465ee728b) [PhysX] Initialized MultithreadedTaskDispatcher with 16 workers.
 -> (artifact id: '1917d6105b3efbb2850151ff36b68260') in 0.002497 seconds
Number of updated asset objects reloaded before import = 0
Number of asset objects unloaded after import = 13
========================================================================
Received Import Request.
  Time since last request: 30.265996 seconds.
  path: Assets/Resources/Abilities/Wand & Wand/Fire Bolt.prefab
  artifactKey: Guid(d8cca01e3a78c8f408224892b8960e46) Importer(815301076,1909f56bfc062723c751e8b465ee728b)
Start importing Assets/Resources/Abilities/Wand & Wand/Fire Bolt.prefab using Guid(d8cca01e3a78c8f408224892b8960e46) Importer(815301076,1909f56bfc062723c751e8b465ee728b) [PhysX] Initialized MultithreadedTaskDispatcher with 16 workers.
 -> (artifact id: '03d56d0d950ef1d45feb27cd559f0ce9') in 0.002580 seconds
Number of updated asset objects reloaded before import = 0
Number of asset objects unloaded after import = 13
========================================================================
Received Import Request.
  Time since last request: 2.628059 seconds.
  path: Assets/Resources/Abilities/Wand & Wand/Fire Bolt+.prefab
  artifactKey: Guid(d8cca01e3a78c8f408224892b8960e46) Importer(815301076,1909f56bfc062723c751e8b465ee728b)
Start importing Assets/Resources/Abilities/Wand & Wand/Fire Bolt+.prefab using Guid(d8cca01e3a78c8f408224892b8960e46) Importer(815301076,1909f56bfc062723c751e8b465ee728b) [PhysX] Initialized MultithreadedTaskDispatcher with 16 workers.
 -> (artifact id: 'b8f800fe2b65d91f41b86f4e5c79aec9') in 0.002525 seconds
Number of updated asset objects reloaded before import = 0
Number of asset objects unloaded after import = 13
========================================================================
Received Import Request.
  Time since last request: 20.289413 seconds.
  path: Assets/Resources/Abilities/Dagger & Dagger/Deft Stab+.prefab
  artifactKey: Guid(224894fd3c053ea438be9a84c492ad76) Importer(815301076,1909f56bfc062723c751e8b465ee728b)
Start importing Assets/Resources/Abilities/Dagger & Dagger/Deft Stab+.prefab using Guid(224894fd3c053ea438be9a84c492ad76) Importer(815301076,1909f56bfc062723c751e8b465ee728b) [PhysX] Initialized MultithreadedTaskDispatcher with 16 workers.
 -> (artifact id: '88ef31cad7b067b60699f47db8d4650f') in 0.003226 seconds
Number of updated asset objects reloaded before import = 0
Number of asset objects unloaded after import = 12
========================================================================
Received Import Request.
  Time since last request: 0.818145 seconds.
  path: Assets/Resources/Abilities/Dagger & Dagger/Deft Stab+.prefab
  artifactKey: Guid(224894fd3c053ea438be9a84c492ad76) Importer(815301076,1909f56bfc062723c751e8b465ee728b)
Start importing Assets/Resources/Abilities/Dagger & Dagger/Deft Stab+.prefab using Guid(224894fd3c053ea438be9a84c492ad76) Importer(815301076,1909f56bfc062723c751e8b465ee728b) [PhysX] Initialized MultithreadedTaskDispatcher with 16 workers.
 -> (artifact id: '338ac8f25a51df441c2795084ceb5ffe') in 0.002471 seconds
Number of updated asset objects reloaded before import = 0
Number of asset objects unloaded after import = 12
========================================================================
Received Import Request.
  Time since last request: 14.930816 seconds.
  path: Assets/Resources/Abilities/Dagger & Dagger/Far Stab.prefab
  artifactKey: Guid(ffecca316f546014eb69d1343a75b6e9) Importer(815301076,1909f56bfc062723c751e8b465ee728b)
Start importing Assets/Resources/Abilities/Dagger & Dagger/Far Stab.prefab using Guid(ffecca316f546014eb69d1343a75b6e9) Importer(815301076,1909f56bfc062723c751e8b465ee728b) [PhysX] Initialized MultithreadedTaskDispatcher with 16 workers.
 -> (artifact id: 'e119da1b7be708465a3e3031418ba8ef') in 0.002507 seconds
Number of updated asset objects reloaded before import = 0
Number of asset objects unloaded after import = 13
========================================================================
Received Import Request.
  Time since last request: 6.074134 seconds.
  path: Assets/Resources/Abilities/Dagger & Dagger/Far Stab+.prefab
  artifactKey: Guid(ffecca316f546014eb69d1343a75b6e9) Importer(815301076,1909f56bfc062723c751e8b465ee728b)
Start importing Assets/Resources/Abilities/Dagger & Dagger/Far Stab+.prefab using Guid(ffecca316f546014eb69d1343a75b6e9) Importer(815301076,1909f56bfc062723c751e8b465ee728b) [PhysX] Initialized MultithreadedTaskDispatcher with 16 workers.
 -> (artifact id: '61969e0c994342667a35417a28128c76') in 0.002483 seconds
Number of updated asset objects reloaded before import = 0
Number of asset objects unloaded after import = 13
========================================================================
Received Import Request.
  Time since last request: 13.477470 seconds.
  path: Assets/Resources/Abilities/Dagger & Dagger/Deft Stab+.prefab
  artifactKey: Guid(224894fd3c053ea438be9a84c492ad76) Importer(815301076,1909f56bfc062723c751e8b465ee728b)
Start importing Assets/Resources/Abilities/Dagger & Dagger/Deft Stab+.prefab using Guid(224894fd3c053ea438be9a84c492ad76) Importer(815301076,1909f56bfc062723c751e8b465ee728b) [PhysX] Initialized MultithreadedTaskDispatcher with 16 workers.
 -> (artifact id: '0755fa8ce234af96c20432cbc3833bb6') in 0.002524 seconds
Number of updated asset objects reloaded before import = 0
Number of asset objects unloaded after import = 13
========================================================================
Received Import Request.
  Time since last request: 4.069019 seconds.
  path: Assets/Resources/Abilities/Dagger & Dagger/Deft Stab+.prefab
  artifactKey: Guid(224894fd3c053ea438be9a84c492ad76) Importer(815301076,1909f56bfc062723c751e8b465ee728b)
Start importing Assets/Resources/Abilities/Dagger & Dagger/Deft Stab+.prefab using Guid(224894fd3c053ea438be9a84c492ad76) Importer(815301076,1909f56bfc062723c751e8b465ee728b) [PhysX] Initialized MultithreadedTaskDispatcher with 16 workers.
 -> (artifact id: 'd97c22457164b9d5443034a35a0e554f') in 0.002535 seconds
Number of updated asset objects reloaded before import = 0
Number of asset objects unloaded after import = 13
========================================================================
Received Import Request.
  Time since last request: 35.410109 seconds.
  path: Assets/Resources/Abilities/Dagger & Wand/Far Stab+.prefab
  artifactKey: Guid(e9dfbe6d7dfe7a04992260aea4c5aafc) Importer(815301076,1909f56bfc062723c751e8b465ee728b)
Start importing Assets/Resources/Abilities/Dagger & Wand/Far Stab+.prefab using Guid(e9dfbe6d7dfe7a04992260aea4c5aafc) Importer(815301076,1909f56bfc062723c751e8b465ee728b) [PhysX] Initialized MultithreadedTaskDispatcher with 16 workers.
 -> (artifact id: '36d18f6b1e41b4093f93fe54edbf3709') in 0.002572 seconds
Number of updated asset objects reloaded before import = 0
Number of asset objects unloaded after import = 13
========================================================================
Received Import Request.
  Time since last request: 8.679658 seconds.
  path: Assets/Resources/Abilities/Wand & Dagger/Lightning Bolt 1.prefab
  artifactKey: Guid(3cb02bda654531c4c8c1548541c1581f) Importer(815301076,1909f56bfc062723c751e8b465ee728b)
Start importing Assets/Resources/Abilities/Wand & Dagger/Lightning Bolt 1.prefab using Guid(3cb02bda654531c4c8c1548541c1581f) Importer(815301076,1909f56bfc062723c751e8b465ee728b) [PhysX] Initialized MultithreadedTaskDispatcher with 16 workers.
 -> (artifact id: '2e69106bbaacf96d5170851c23c32d0f') in 0.002610 seconds
Number of updated asset objects reloaded before import = 0
Number of asset objects unloaded after import = 13
========================================================================
Received Import Request.
  Time since last request: 6.193909 seconds.
  path: Assets/Resources/Abilities/Dagger & Wand/Lightning Bolt.prefab
  artifactKey: Guid(3cb02bda654531c4c8c1548541c1581f) Importer(815301076,1909f56bfc062723c751e8b465ee728b)
Start importing Assets/Resources/Abilities/Dagger & Wand/Lightning Bolt.prefab using Guid(3cb02bda654531c4c8c1548541c1581f) Importer(815301076,1909f56bfc062723c751e8b465ee728b) [PhysX] Initialized MultithreadedTaskDispatcher with 16 workers.
 -> (artifact id: 'f3a4dfef3dbc33402b93e5edbba5f928') in 0.002553 seconds
Number of updated asset objects reloaded before import = 0
Number of asset objects unloaded after import = 13
========================================================================
Received Import Request.
  Time since last request: 12.215883 seconds.
  path: Assets/Resources/Abilities/Dagger & Wand/Deft Stab.prefab
  artifactKey: Guid(5c0c3698e73deaa47aa7522092ce5d20) Importer(815301076,1909f56bfc062723c751e8b465ee728b)
Start importing Assets/Resources/Abilities/Dagger & Wand/Deft Stab.prefab using Guid(5c0c3698e73deaa47aa7522092ce5d20) Importer(815301076,1909f56bfc062723c751e8b465ee728b) [PhysX] Initialized MultithreadedTaskDispatcher with 16 workers.
 -> (artifact id: '10cb394144bfef3996ce0853d7b2d214') in 0.002624 seconds
Number of updated asset objects reloaded before import = 0
Number of asset objects unloaded after import = 13
========================================================================
Received Import Request.
  Time since last request: 3.932399 seconds.
  path: Assets/Resources/Abilities/Dagger & Wand/Deft Stab.prefab
  artifactKey: Guid(5c0c3698e73deaa47aa7522092ce5d20) Importer(815301076,1909f56bfc062723c751e8b465ee728b)
Start importing Assets/Resources/Abilities/Dagger & Wand/Deft Stab.prefab using Guid(5c0c3698e73deaa47aa7522092ce5d20) Importer(815301076,1909f56bfc062723c751e8b465ee728b) [PhysX] Initialized MultithreadedTaskDispatcher with 16 workers.
 -> (artifact id: 'c22571df7f2fc160b8a930aa84363928') in 0.002806 seconds
Number of updated asset objects reloaded before import = 0
Number of asset objects unloaded after import = 13
========================================================================
Received Import Request.
  Time since last request: 23.657142 seconds.
  path: Assets/Resources/Abilities/Dagger & Wand/Lightning Bolt.prefab
  artifactKey: Guid(3cb02bda654531c4c8c1548541c1581f) Importer(815301076,1909f56bfc062723c751e8b465ee728b)
Start importing Assets/Resources/Abilities/Dagger & Wand/Lightning Bolt.prefab using Guid(3cb02bda654531c4c8c1548541c1581f) Importer(815301076,1909f56bfc062723c751e8b465ee728b) [PhysX] Initialized MultithreadedTaskDispatcher with 16 workers.
 -> (artifact id: 'a8703b1d86c374ebbb8996c5533f2279') in 0.002926 seconds
Number of updated asset objects reloaded before import = 0
Number of asset objects unloaded after import = 13
========================================================================
Received Import Request.
  Time since last request: 22.310876 seconds.
  path: Assets/Resources/Ability Catalog Recipes/DaggerDagger.asset
  artifactKey: Guid(3b4574b7a9f767b48b66263e27ad47a5) Importer(815301076,1909f56bfc062723c751e8b465ee728b)
Start importing Assets/Resources/Ability Catalog Recipes/DaggerDagger.asset using Guid(3b4574b7a9f767b48b66263e27ad47a5) Importer(815301076,1909f56bfc062723c751e8b465ee728b) [PhysX] Initialized MultithreadedTaskDispatcher with 16 workers.
 -> (artifact id: 'a4ed5c7218be2cc5f20a831bee420f9d') in 0.002662 seconds
Number of updated asset objects reloaded before import = 0
Number of asset objects unloaded after import = 1
========================================================================
Received Import Request.
  Time since last request: 54.895130 seconds.
  path: Assets/Resources/Ability Catalog Recipes/Sword.asset
  artifactKey: Guid(3cd2858e5f9d8dd48a5163db9711de6b) Importer(815301076,1909f56bfc062723c751e8b465ee728b)
Start importing Assets/Resources/Ability Catalog Recipes/Sword.asset using Guid(3cd2858e5f9d8dd48a5163db9711de6b) Importer(815301076,1909f56bfc062723c751e8b465ee728b) [PhysX] Initialized MultithreadedTaskDispatcher with 16 workers.
 -> (artifact id: '55de1fc27159fa279ab1fba153a3f26c') in 0.003000 seconds
Number of updated asset objects reloaded before import = 0
Number of asset objects unloaded after import = 1
========================================================================
Received Import Request.
  Time since last request: 4.781935 seconds.
  path: Assets/Resources/Ability Catalog Recipes/Wand.asset
  artifactKey: Guid(c93f4fb11f4ddf54d94a3fffee6da285) Importer(815301076,1909f56bfc062723c751e8b465ee728b)
Start importing Assets/Resources/Ability Catalog Recipes/Wand.asset using Guid(c93f4fb11f4ddf54d94a3fffee6da285) Importer(815301076,1909f56bfc062723c751e8b465ee728b) [PhysX] Initialized MultithreadedTaskDispatcher with 16 workers.
 -> (artifact id: 'c1a613c46ab8f2e298a3bf0b29e08a83') in 0.001503 seconds
Number of updated asset objects reloaded before import = 0
Number of asset objects unloaded after import = 1
========================================================================
Received Import Request.
  Time since last request: 6.699647 seconds.
  path: Assets/Resources/Ability Catalog Recipes/WandDagger.asset
  artifactKey: Guid(8424527192f1ca54f8de9c263fb8c243) Importer(815301076,1909f56bfc062723c751e8b465ee728b)
Start importing Assets/Resources/Ability Catalog Recipes/WandDagger.asset using Guid(8424527192f1ca54f8de9c263fb8c243) Importer(815301076,1909f56bfc062723c751e8b465ee728b) [PhysX] Initialized MultithreadedTaskDispatcher with 16 workers.
 -> (artifact id: 'eec30c69dff6f20054ad0ecfffbb0089') in 0.001474 seconds
Number of updated asset objects reloaded before import = 0
Number of asset objects unloaded after import = 1
========================================================================
Received Import Request.
  Time since last request: 25.593696 seconds.
  path: Assets/Resources/Abilities/Wand & Dagger/Lightning Bolt.prefab
  artifactKey: Guid(ef3726ae06cbf4f45a7b707656226d02) Importer(815301076,1909f56bfc062723c751e8b465ee728b)
Start importing Assets/Resources/Abilities/Wand & Dagger/Lightning Bolt.prefab using Guid(ef3726ae06cbf4f45a7b707656226d02) Importer(815301076,1909f56bfc062723c751e8b465ee728b) [PhysX] Initialized MultithreadedTaskDispatcher with 16 workers.
 -> (artifact id: 'ac6768f7b0c250da23a9177dbbfd367c') in 0.002965 seconds
Number of updated asset objects reloaded before import = 0
Number of asset objects unloaded after import = 13
========================================================================
Received Import Request.
  Time since last request: 7.035960 seconds.
  path: Assets/Resources/Ability Catalog Recipes/WandWand.asset
  artifactKey: Guid(5e5b811bb5491544090c5ed66bc0c68b) Importer(815301076,1909f56bfc062723c751e8b465ee728b)
Start importing Assets/Resources/Ability Catalog Recipes/WandWand.asset using Guid(5e5b811bb5491544090c5ed66bc0c68b) Importer(815301076,1909f56bfc062723c751e8b465ee728b) [PhysX] Initialized MultithreadedTaskDispatcher with 16 workers.
 -> (artifact id: '0399f063d31d3fa4442d386c0ba05060') in 0.003073 seconds
Number of updated asset objects reloaded before import = 0
Number of asset objects unloaded after import = 1
========================================================================
Received Prepare
Caller must complete domain reload
Begin MonoManager ReloadAssembly
- Loaded All Assemblies, in  0.581 seconds
Native extension for UWP target not found
Native extension for WindowsStandalone target not found
Mono: successfully reloaded assembly
- Finished resetting the current domain, in  0.863 seconds
Domain Reload Profiling: 1440ms
	BeginReloadAssembly (222ms)
		ExecutionOrderSort (0ms)
		DisableScriptedObjects (9ms)
		BackupInstance (0ms)
		ReleaseScriptingObjects (0ms)
		CreateAndSetChildDomain (29ms)
	RebuildCommonClasses (55ms)
	RebuildNativeTypeToScriptingClass (18ms)
	initialDomainReloadingComplete (47ms)
	LoadAllAssembliesAndSetupDomain (234ms)
		LoadAssemblies (358ms)
		RebuildTransferFunctionScriptingTraits (0ms)
		AnalyzeDomain (15ms)
			TypeCache.Refresh (5ms)
				TypeCache.ScanAssembly (0ms)
			ScanForSourceGeneratedMonoScriptInfo (0ms)
			ResolveRequiredComponents (9ms)
	FinalizeReload (864ms)
		ReleaseScriptCaches (0ms)
		RebuildScriptCaches (0ms)
		SetupLoadedEditorAssemblies (520ms)
			LogAssemblyErrors (0ms)
			InitializePlatformSupportModulesInManaged (15ms)
			SetLoadedEditorAssemblies (7ms)
			RefreshPlugins (0ms)
			BeforeProcessingInitializeOnLoad (98ms)
			ProcessInitializeOnLoadAttributes (348ms)
			ProcessInitializeOnLoadMethodAttributes (37ms)
			AfterProcessingInitializeOnLoad (15ms)
			EditorAssembliesLoaded (0ms)
		ExecutionOrderSort2 (0ms)
		AwakeInstancesAfterBackupRestoration (10ms)
Refreshing native plugins compatible for Editor in 1.53 ms, found 0 plugins.
Preloading 0 native plugins for Editor in 0.00 ms.
Unloading 1280 Unused Serialized files (Serialized files now loaded: 0)
Unloading 5 unused Assets / (23.8 KB). Loaded Objects now: 1837.
Memory consumption went from 77.7 MB to 77.7 MB.
Total: 3.483500 ms (FindLiveObjects: 0.160100 ms CreateObjectMapping: 0.067200 ms MarkObjects: 3.223900 ms  DeleteObjects: 0.031300 ms)

Prepare: number of updated asset objects reloaded= 0
AssetImportParameters requested are different than current active one (requested -> active):
  custom:video-encoder-webm-vp8: eb34c28f22e8b96e1ab97ce403110664 -> 
  custom:video-decoder-webm-vp8: 9c59270c3fd7afecdb556c50c9e8de78 -> 
  custom:audio-decoder-ogg-vorbis: bf7c407c2cedff20999df2af8eb42d56 -> 
  custom:SearchIndexIgnoredProperties: e643bd26f0fe6173181afceb89e7c659 -> 
  custom:container-demuxer-ogg: 62fdf1f143b41e24485cea50d1cbac27 -> 
  custom:AudioImporter_EditorPlatform: d09bf68614088b80899f8185d706f6e7 -> 
  custom:CustomObjectIndexerAttribute: 9a22284fe3817be447336de3de66b15e -> 
  custom:container-demuxer-webm: 4f35f7cbe854078d1ac9338744f61a02 -> 
  custom:scripting/monoscript/fileName/InflictStatusAbilityEffect.cs: f57ea1c84c587b56150f402f43b05054 -> 
  custom:video-decoder-ogg-theora: a1e56fd34408186e4bbccfd4996cb3dc -> 
  custom:audio-encoder-webm-vorbis: bf7c407c2cedff20999df2af8eb42d56 -> 
  custom:framework-win-MediaFoundation: 216162199b28c13a410421893ffa2e32 -> 
  custom:scripting/precompiled-assembly-types:Assembly-CSharp: 08109eacfb0e9cf7b9c4bb08e9ec16c9 -> 687dce7e8850a6467b2a8d4ee6f7cc37
  custom:container-muxer-webm: aa71ff27fc2769a1b78a27578f13a17b -> 
========================================================================
Received Prepare
Caller must complete domain reload
Begin MonoManager ReloadAssembly
- Loaded All Assemblies, in  0.609 seconds
Native extension for UWP target not found
Native extension for WindowsStandalone target not found
Mono: successfully reloaded assembly
- Finished resetting the current domain, in  0.826 seconds
Domain Reload Profiling: 1430ms
	BeginReloadAssembly (219ms)
		ExecutionOrderSort (0ms)
		DisableScriptedObjects (9ms)
		BackupInstance (0ms)
		ReleaseScriptingObjects (0ms)
		CreateAndSetChildDomain (28ms)
	RebuildCommonClasses (56ms)
	RebuildNativeTypeToScriptingClass (18ms)
	initialDomainReloadingComplete (50ms)
	LoadAllAssembliesAndSetupDomain (261ms)
		LoadAssemblies (362ms)
		RebuildTransferFunctionScriptingTraits (0ms)
		AnalyzeDomain (36ms)
			TypeCache.Refresh (9ms)
				TypeCache.ScanAssembly (2ms)
			ScanForSourceGeneratedMonoScriptInfo (15ms)
			ResolveRequiredComponents (11ms)
	FinalizeReload (827ms)
		ReleaseScriptCaches (0ms)
		RebuildScriptCaches (0ms)
		SetupLoadedEditorAssemblies (512ms)
			LogAssemblyErrors (0ms)
			InitializePlatformSupportModulesInManaged (16ms)
			SetLoadedEditorAssemblies (7ms)
			RefreshPlugins (0ms)
			BeforeProcessingInitializeOnLoad (97ms)
			ProcessInitializeOnLoadAttributes (346ms)
			ProcessInitializeOnLoadMethodAttributes (32ms)
			AfterProcessingInitializeOnLoad (15ms)
			EditorAssembliesLoaded (0ms)
		ExecutionOrderSort2 (0ms)
		AwakeInstancesAfterBackupRestoration (9ms)
Refreshing native plugins compatible for Editor in 1.56 ms, found 0 plugins.
Preloading 0 native plugins for Editor in 0.00 ms.
Unloading 1281 Unused Serialized files (Serialized files now loaded: 0)
Unloading 5 unused Assets / (23.9 KB). Loaded Objects now: 1840.
Memory consumption went from 78.0 MB to 77.9 MB.
Total: 3.480700 ms (FindLiveObjects: 0.168300 ms CreateObjectMapping: 0.069300 ms MarkObjects: 3.207000 ms  DeleteObjects: 0.034900 ms)

Prepare: number of updated asset objects reloaded= 0
AssetImportParameters requested are different than current active one (requested -> active):
  custom:video-encoder-webm-vp8: eb34c28f22e8b96e1ab97ce403110664 -> 
  custom:video-decoder-webm-vp8: 9c59270c3fd7afecdb556c50c9e8de78 -> 
  custom:audio-decoder-ogg-vorbis: bf7c407c2cedff20999df2af8eb42d56 -> 
  custom:SearchIndexIgnoredProperties: e643bd26f0fe6173181afceb89e7c659 -> 
  custom:container-demuxer-ogg: 62fdf1f143b41e24485cea50d1cbac27 -> 
  custom:AudioImporter_EditorPlatform: d09bf68614088b80899f8185d706f6e7 -> 
  custom:CustomObjectIndexerAttribute: 9a22284fe3817be447336de3de66b15e -> 
  custom:container-demuxer-webm: 4f35f7cbe854078d1ac9338744f61a02 -> 
  custom:scripting/monoscript/fileName/InflictStatusAbilityEffect.cs: f57ea1c84c587b56150f402f43b05054 -> 
  custom:video-decoder-ogg-theora: a1e56fd34408186e4bbccfd4996cb3dc -> 
  custom:audio-encoder-webm-vorbis: bf7c407c2cedff20999df2af8eb42d56 -> 
  custom:framework-win-MediaFoundation: 216162199b28c13a410421893ffa2e32 -> 
  custom:scripting/precompiled-assembly-types:Assembly-CSharp: 08109eacfb0e9cf7b9c4bb08e9ec16c9 -> 687dce7e8850a6467b2a8d4ee6f7cc37
  custom:container-muxer-webm: aa71ff27fc2769a1b78a27578f13a17b -> 
========================================================================
Received Prepare
Caller must complete domain reload
Begin MonoManager ReloadAssembly
- Loaded All Assemblies, in  0.569 seconds
Native extension for UWP target not found
Native extension for WindowsStandalone target not found
Mono: successfully reloaded assembly
- Finished resetting the current domain, in  0.820 seconds
Domain Reload Profiling: 1386ms
	BeginReloadAssembly (215ms)
		ExecutionOrderSort (0ms)
		DisableScriptedObjects (10ms)
		BackupInstance (0ms)
		ReleaseScriptingObjects (0ms)
		CreateAndSetChildDomain (27ms)
	RebuildCommonClasses (54ms)
	RebuildNativeTypeToScriptingClass (19ms)
	initialDomainReloadingComplete (47ms)
	LoadAllAssembliesAndSetupDomain (229ms)
		LoadAssemblies (349ms)
		RebuildTransferFunctionScriptingTraits (0ms)
		AnalyzeDomain (15ms)
			TypeCache.Refresh (5ms)
				TypeCache.ScanAssembly (0ms)
			ScanForSourceGeneratedMonoScriptInfo (0ms)
			ResolveRequiredComponents (9ms)
	FinalizeReload (821ms)
		ReleaseScriptCaches (0ms)
		RebuildScriptCaches (0ms)
		SetupLoadedEditorAssemblies (516ms)
			LogAssemblyErrors (0ms)
			InitializePlatformSupportModulesInManaged (15ms)
			SetLoadedEditorAssemblies (7ms)
			RefreshPlugins (0ms)
			BeforeProcessingInitializeOnLoad (97ms)
			ProcessInitializeOnLoadAttributes (344ms)
			ProcessInitializeOnLoadMethodAttributes (38ms)
			AfterProcessingInitializeOnLoad (15ms)
			EditorAssembliesLoaded (0ms)
		ExecutionOrderSort2 (0ms)
		AwakeInstancesAfterBackupRestoration (9ms)
Refreshing native plugins compatible for Editor in 1.59 ms, found 0 plugins.
Preloading 0 native plugins for Editor in 0.00 ms.
Unloading 1281 Unused Serialized files (Serialized files now loaded: 0)
Unloading 5 unused Assets / (23.9 KB). Loaded Objects now: 1843.
Memory consumption went from 78.0 MB to 77.9 MB.
Total: 3.166500 ms (FindLiveObjects: 0.182300 ms CreateObjectMapping: 0.110000 ms MarkObjects: 2.843700 ms  DeleteObjects: 0.029300 ms)

Prepare: number of updated asset objects reloaded= 0
AssetImportParameters requested are different than current active one (requested -> active):
  custom:video-encoder-webm-vp8: eb34c28f22e8b96e1ab97ce403110664 -> 
  custom:video-decoder-webm-vp8: 9c59270c3fd7afecdb556c50c9e8de78 -> 
  custom:audio-decoder-ogg-vorbis: bf7c407c2cedff20999df2af8eb42d56 -> 
  custom:SearchIndexIgnoredProperties: e643bd26f0fe6173181afceb89e7c659 -> 
  custom:container-demuxer-ogg: 62fdf1f143b41e24485cea50d1cbac27 -> 
  custom:AudioImporter_EditorPlatform: d09bf68614088b80899f8185d706f6e7 -> 
  custom:CustomObjectIndexerAttribute: 9a22284fe3817be447336de3de66b15e -> 
  custom:container-demuxer-webm: 4f35f7cbe854078d1ac9338744f61a02 -> 
  custom:scripting/monoscript/fileName/InflictStatusAbilityEffect.cs: f57ea1c84c587b56150f402f43b05054 -> 
  custom:video-decoder-ogg-theora: a1e56fd34408186e4bbccfd4996cb3dc -> 
  custom:audio-encoder-webm-vorbis: bf7c407c2cedff20999df2af8eb42d56 -> 
  custom:framework-win-MediaFoundation: 216162199b28c13a410421893ffa2e32 -> 
  custom:scripting/precompiled-assembly-types:Assembly-CSharp: 08109eacfb0e9cf7b9c4bb08e9ec16c9 -> 687dce7e8850a6467b2a8d4ee6f7cc37
  custom:container-muxer-webm: aa71ff27fc2769a1b78a27578f13a17b -> 
========================================================================
Received Prepare
Caller must complete domain reload
Begin MonoManager ReloadAssembly
- Loaded All Assemblies, in  0.591 seconds
Native extension for UWP target not found
Native extension for WindowsStandalone target not found
Mono: successfully reloaded assembly
- Finished resetting the current domain, in  0.799 seconds
Domain Reload Profiling: 1386ms
	BeginReloadAssembly (215ms)
		ExecutionOrderSort (0ms)
		DisableScriptedObjects (10ms)
		BackupInstance (0ms)
		ReleaseScriptingObjects (0ms)
		CreateAndSetChildDomain (27ms)
	RebuildCommonClasses (54ms)
	RebuildNativeTypeToScriptingClass (18ms)
	initialDomainReloadingComplete (46ms)
	LoadAllAssembliesAndSetupDomain (254ms)
		LoadAssemblies (354ms)
		RebuildTransferFunctionScriptingTraits (0ms)
		AnalyzeDomain (33ms)
			TypeCache.Refresh (10ms)
				TypeCache.ScanAssembly (2ms)
			ScanForSourceGeneratedMonoScriptInfo (14ms)
			ResolveRequiredComponents (8ms)
	FinalizeReload (799ms)
		ReleaseScriptCaches (0ms)
		RebuildScriptCaches (0ms)
		SetupLoadedEditorAssemblies (501ms)
			LogAssemblyErrors (0ms)
			InitializePlatformSupportModulesInManaged (15ms)
			SetLoadedEditorAssemblies (6ms)
			RefreshPlugins (0ms)
			BeforeProcessingInitializeOnLoad (95ms)
			ProcessInitializeOnLoadAttributes (336ms)
			ProcessInitializeOnLoadMethodAttributes (32ms)
			AfterProcessingInitializeOnLoad (15ms)
			EditorAssembliesLoaded (0ms)
		ExecutionOrderSort2 (0ms)
		AwakeInstancesAfterBackupRestoration (10ms)
Refreshing native plugins compatible for Editor in 1.57 ms, found 0 plugins.
Preloading 0 native plugins for Editor in 0.00 ms.
Unloading 1281 Unused Serialized files (Serialized files now loaded: 0)
Unloading 5 unused Assets / (23.9 KB). Loaded Objects now: 1846.
Memory consumption went from 78.0 MB to 77.9 MB.
Total: 3.451600 ms (FindLiveObjects: 0.177600 ms CreateObjectMapping: 0.108100 ms MarkObjects: 3.132600 ms  DeleteObjects: 0.032200 ms)

Prepare: number of updated asset objects reloaded= 0
AssetImportParameters requested are different than current active one (requested -> active):
  custom:video-encoder-webm-vp8: eb34c28f22e8b96e1ab97ce403110664 -> 
  custom:video-decoder-webm-vp8: 9c59270c3fd7afecdb556c50c9e8de78 -> 
  custom:audio-decoder-ogg-vorbis: bf7c407c2cedff20999df2af8eb42d56 -> 
  custom:SearchIndexIgnoredProperties: e643bd26f0fe6173181afceb89e7c659 -> 
  custom:container-demuxer-ogg: 62fdf1f143b41e24485cea50d1cbac27 -> 
  custom:AudioImporter_EditorPlatform: d09bf68614088b80899f8185d706f6e7 -> 
  custom:CustomObjectIndexerAttribute: 9a22284fe3817be447336de3de66b15e -> 
  custom:container-demuxer-webm: 4f35f7cbe854078d1ac9338744f61a02 -> 
  custom:scripting/monoscript/fileName/InflictStatusAbilityEffect.cs: f57ea1c84c587b56150f402f43b05054 -> 
  custom:video-decoder-ogg-theora: a1e56fd34408186e4bbccfd4996cb3dc -> 
  custom:audio-encoder-webm-vorbis: bf7c407c2cedff20999df2af8eb42d56 -> 
  custom:framework-win-MediaFoundation: 216162199b28c13a410421893ffa2e32 -> 
  custom:scripting/precompiled-assembly-types:Assembly-CSharp: 08109eacfb0e9cf7b9c4bb08e9ec16c9 -> 687dce7e8850a6467b2a8d4ee6f7cc37
  custom:container-muxer-webm: aa71ff27fc2769a1b78a27578f13a17b -> 
========================================================================
Received Prepare
Caller must complete domain reload
Begin MonoManager ReloadAssembly
- Loaded All Assemblies, in  0.573 seconds
Native extension for UWP target not found
Native extension for WindowsStandalone target not found
Mono: successfully reloaded assembly
- Finished resetting the current domain, in  0.824 seconds
Domain Reload Profiling: 1393ms
	BeginReloadAssembly (220ms)
		ExecutionOrderSort (0ms)
		DisableScriptedObjects (9ms)
		BackupInstance (0ms)
		ReleaseScriptingObjects (0ms)
		CreateAndSetChildDomain (28ms)
	RebuildCommonClasses (54ms)
	RebuildNativeTypeToScriptingClass (18ms)
	initialDomainReloadingComplete (46ms)
	LoadAllAssembliesAndSetupDomain (229ms)
		LoadAssemblies (351ms)
		RebuildTransferFunctionScriptingTraits (0ms)
		AnalyzeDomain (16ms)
			TypeCache.Refresh (5ms)
				TypeCache.ScanAssembly (0ms)
			ScanForSourceGeneratedMonoScriptInfo (0ms)
			ResolveRequiredComponents (9ms)
	FinalizeReload (825ms)
		ReleaseScriptCaches (0ms)
		RebuildScriptCaches (0ms)
		SetupLoadedEditorAssemblies (519ms)
			LogAssemblyErrors (0ms)
			InitializePlatformSupportModulesInManaged (16ms)
			SetLoadedEditorAssemblies (7ms)
			RefreshPlugins (0ms)
			BeforeProcessingInitializeOnLoad (96ms)
			ProcessInitializeOnLoadAttributes (348ms)
			ProcessInitializeOnLoadMethodAttributes (37ms)
			AfterProcessingInitializeOnLoad (15ms)
			EditorAssembliesLoaded (0ms)
		ExecutionOrderSort2 (0ms)
		AwakeInstancesAfterBackupRestoration (9ms)
Refreshing native plugins compatible for Editor in 1.56 ms, found 0 plugins.
Preloading 0 native plugins for Editor in 0.00 ms.
Unloading 1281 Unused Serialized files (Serialized files now loaded: 0)
Unloading 5 unused Assets / (23.8 KB). Loaded Objects now: 1849.
Memory consumption went from 78.0 MB to 77.9 MB.
Total: 3.129600 ms (FindLiveObjects: 0.157300 ms CreateObjectMapping: 0.061400 ms MarkObjects: 2.880700 ms  DeleteObjects: 0.029000 ms)

Prepare: number of updated asset objects reloaded= 0
AssetImportParameters requested are different than current active one (requested -> active):
  custom:video-encoder-webm-vp8: eb34c28f22e8b96e1ab97ce403110664 -> 
  custom:video-decoder-webm-vp8: 9c59270c3fd7afecdb556c50c9e8de78 -> 
  custom:audio-decoder-ogg-vorbis: bf7c407c2cedff20999df2af8eb42d56 -> 
  custom:SearchIndexIgnoredProperties: e643bd26f0fe6173181afceb89e7c659 -> 
  custom:container-demuxer-ogg: 62fdf1f143b41e24485cea50d1cbac27 -> 
  custom:AudioImporter_EditorPlatform: d09bf68614088b80899f8185d706f6e7 -> 
  custom:CustomObjectIndexerAttribute: 9a22284fe3817be447336de3de66b15e -> 
  custom:container-demuxer-webm: 4f35f7cbe854078d1ac9338744f61a02 -> 
  custom:scripting/monoscript/fileName/InflictStatusAbilityEffect.cs: f57ea1c84c587b56150f402f43b05054 -> 
  custom:video-decoder-ogg-theora: a1e56fd34408186e4bbccfd4996cb3dc -> 
  custom:audio-encoder-webm-vorbis: bf7c407c2cedff20999df2af8eb42d56 -> 
  custom:framework-win-MediaFoundation: 216162199b28c13a410421893ffa2e32 -> 
  custom:scripting/precompiled-assembly-types:Assembly-CSharp: 08109eacfb0e9cf7b9c4bb08e9ec16c9 -> 687dce7e8850a6467b2a8d4ee6f7cc37
  custom:container-muxer-webm: aa71ff27fc2769a1b78a27578f13a17b -> 
========================================================================
Received Prepare
Caller must complete domain reload
Begin MonoManager ReloadAssembly
- Loaded All Assemblies, in  0.624 seconds
Native extension for UWP target not found
Native extension for WindowsStandalone target not found
Mono: successfully reloaded assembly
- Finished resetting the current domain, in  0.916 seconds
Domain Reload Profiling: 1536ms
	BeginReloadAssembly (225ms)
		ExecutionOrderSort (0ms)
		DisableScriptedObjects (11ms)
		BackupInstance (0ms)
		ReleaseScriptingObjects (0ms)
		CreateAndSetChildDomain (29ms)
	RebuildCommonClasses (56ms)
	RebuildNativeTypeToScriptingClass (19ms)
	initialDomainReloadingComplete (48ms)
	LoadAllAssembliesAndSetupDomain (271ms)
		LoadAssemblies (378ms)
		RebuildTransferFunctionScriptingTraits (0ms)
		AnalyzeDomain (34ms)
			TypeCache.Refresh (10ms)
				TypeCache.ScanAssembly (2ms)
			ScanForSourceGeneratedMonoScriptInfo (15ms)
			ResolveRequiredComponents (9ms)
	FinalizeReload (917ms)
		ReleaseScriptCaches (0ms)
		RebuildScriptCaches (0ms)
		SetupLoadedEditorAssemblies (528ms)
			LogAssemblyErrors (0ms)
			InitializePlatformSupportModulesInManaged (15ms)
			SetLoadedEditorAssemblies (7ms)
			RefreshPlugins (0ms)
			BeforeProcessingInitializeOnLoad (98ms)
			ProcessInitializeOnLoadAttributes (356ms)
			ProcessInitializeOnLoadMethodAttributes (35ms)
			AfterProcessingInitializeOnLoad (15ms)
			EditorAssembliesLoaded (0ms)
		ExecutionOrderSort2 (0ms)
		AwakeInstancesAfterBackupRestoration (10ms)
Refreshing native plugins compatible for Editor in 1.62 ms, found 0 plugins.
Preloading 0 native plugins for Editor in 0.00 ms.
Unloading 1281 Unused Serialized files (Serialized files now loaded: 0)
Unloading 5 unused Assets / (23.9 KB). Loaded Objects now: 1852.
Memory consumption went from 78.0 MB to 77.9 MB.
Total: 3.525400 ms (FindLiveObjects: 0.158300 ms CreateObjectMapping: 0.065600 ms MarkObjects: 3.268000 ms  DeleteObjects: 0.032600 ms)

Prepare: number of updated asset objects reloaded= 0
AssetImportParameters requested are different than current active one (requested -> active):
  custom:video-encoder-webm-vp8: eb34c28f22e8b96e1ab97ce403110664 -> 
  custom:video-decoder-webm-vp8: 9c59270c3fd7afecdb556c50c9e8de78 -> 
  custom:audio-decoder-ogg-vorbis: bf7c407c2cedff20999df2af8eb42d56 -> 
  custom:SearchIndexIgnoredProperties: e643bd26f0fe6173181afceb89e7c659 -> 
  custom:container-demuxer-ogg: 62fdf1f143b41e24485cea50d1cbac27 -> 
  custom:AudioImporter_EditorPlatform: d09bf68614088b80899f8185d706f6e7 -> 
  custom:CustomObjectIndexerAttribute: 9a22284fe3817be447336de3de66b15e -> 
  custom:container-demuxer-webm: 4f35f7cbe854078d1ac9338744f61a02 -> 
  custom:scripting/monoscript/fileName/InflictStatusAbilityEffect.cs: f57ea1c84c587b56150f402f43b05054 -> 
  custom:video-decoder-ogg-theora: a1e56fd34408186e4bbccfd4996cb3dc -> 
  custom:audio-encoder-webm-vorbis: bf7c407c2cedff20999df2af8eb42d56 -> 
  custom:framework-win-MediaFoundation: 216162199b28c13a410421893ffa2e32 -> 
  custom:scripting/precompiled-assembly-types:Assembly-CSharp: 08109eacfb0e9cf7b9c4bb08e9ec16c9 -> 687dce7e8850a6467b2a8d4ee6f7cc37
  custom:container-muxer-webm: aa71ff27fc2769a1b78a27578f13a17b -> 
========================================================================
Received Prepare
Caller must complete domain reload
Begin MonoManager ReloadAssembly
- Loaded All Assemblies, in  0.633 seconds
Native extension for UWP target not found
Native extension for WindowsStandalone target not found
Mono: successfully reloaded assembly
- Finished resetting the current domain, in  0.844 seconds
Domain Reload Profiling: 1474ms
	BeginReloadAssembly (236ms)
		ExecutionOrderSort (0ms)
		DisableScriptedObjects (14ms)
		BackupInstance (0ms)
		ReleaseScriptingObjects (0ms)
		CreateAndSetChildDomain (30ms)
	RebuildCommonClasses (64ms)
	RebuildNativeTypeToScriptingClass (23ms)
	initialDomainReloadingComplete (54ms)
	LoadAllAssembliesAndSetupDomain (252ms)
		LoadAssemblies (367ms)
		RebuildTransferFunctionScriptingTraits (0ms)
		AnalyzeDomain (33ms)
			TypeCache.Refresh (9ms)
				TypeCache.ScanAssembly (2ms)
			ScanForSourceGeneratedMonoScriptInfo (14ms)
			ResolveRequiredComponents (8ms)
	FinalizeReload (845ms)
		ReleaseScriptCaches (0ms)
		RebuildScriptCaches (0ms)
		SetupLoadedEditorAssemblies (540ms)
			LogAssemblyErrors (0ms)
			InitializePlatformSupportModulesInManaged (15ms)
			SetLoadedEditorAssemblies (7ms)
			RefreshPlugins (0ms)
			BeforeProcessingInitializeOnLoad (100ms)
			ProcessInitializeOnLoadAttributes (371ms)
			ProcessInitializeOnLoadMethodAttributes (31ms)
			AfterProcessingInitializeOnLoad (15ms)
			EditorAssembliesLoaded (0ms)
		ExecutionOrderSort2 (0ms)
		AwakeInstancesAfterBackupRestoration (9ms)
Refreshing native plugins compatible for Editor in 1.55 ms, found 0 plugins.
Preloading 0 native plugins for Editor in 0.00 ms.
Unloading 1281 Unused Serialized files (Serialized files now loaded: 0)
Unloading 5 unused Assets / (23.8 KB). Loaded Objects now: 1855.
Memory consumption went from 78.0 MB to 77.9 MB.
Total: 3.103600 ms (FindLiveObjects: 0.157500 ms CreateObjectMapping: 0.065700 ms MarkObjects: 2.851300 ms  DeleteObjects: 0.028100 ms)

Prepare: number of updated asset objects reloaded= 0
AssetImportParameters requested are different than current active one (requested -> active):
  custom:video-encoder-webm-vp8: eb34c28f22e8b96e1ab97ce403110664 -> 
  custom:video-decoder-webm-vp8: 9c59270c3fd7afecdb556c50c9e8de78 -> 
  custom:audio-decoder-ogg-vorbis: bf7c407c2cedff20999df2af8eb42d56 -> 
  custom:SearchIndexIgnoredProperties: e643bd26f0fe6173181afceb89e7c659 -> 
  custom:container-demuxer-ogg: 62fdf1f143b41e24485cea50d1cbac27 -> 
  custom:AudioImporter_EditorPlatform: d09bf68614088b80899f8185d706f6e7 -> 
  custom:CustomObjectIndexerAttribute: 9a22284fe3817be447336de3de66b15e -> 
  custom:container-demuxer-webm: 4f35f7cbe854078d1ac9338744f61a02 -> 
  custom:scripting/monoscript/fileName/InflictStatusAbilityEffect.cs: f57ea1c84c587b56150f402f43b05054 -> 
  custom:video-decoder-ogg-theora: a1e56fd34408186e4bbccfd4996cb3dc -> 
  custom:audio-encoder-webm-vorbis: bf7c407c2cedff20999df2af8eb42d56 -> 
  custom:framework-win-MediaFoundation: 216162199b28c13a410421893ffa2e32 -> 
  custom:scripting/precompiled-assembly-types:Assembly-CSharp: 08109eacfb0e9cf7b9c4bb08e9ec16c9 -> 687dce7e8850a6467b2a8d4ee6f7cc37
  custom:container-muxer-webm: aa71ff27fc2769a1b78a27578f13a17b -> 
========================================================================
Received Prepare
Caller must complete domain reload
Begin MonoManager ReloadAssembly
- Loaded All Assemblies, in  0.570 seconds
Native extension for UWP target not found
Native extension for WindowsStandalone target not found
Mono: successfully reloaded assembly
- Finished resetting the current domain, in  0.837 seconds
Domain Reload Profiling: 1403ms
	BeginReloadAssembly (215ms)
		ExecutionOrderSort (0ms)
		DisableScriptedObjects (10ms)
		BackupInstance (0ms)
		ReleaseScriptingObjects (0ms)
		CreateAndSetChildDomain (28ms)
	RebuildCommonClasses (53ms)
	RebuildNativeTypeToScriptingClass (18ms)
	initialDomainReloadingComplete (46ms)
	LoadAllAssembliesAndSetupDomain (233ms)
		LoadAssemblies (350ms)
		RebuildTransferFunctionScriptingTraits (0ms)
		AnalyzeDomain (16ms)
			TypeCache.Refresh (5ms)
				TypeCache.ScanAssembly (0ms)
			ScanForSourceGeneratedMonoScriptInfo (0ms)
			ResolveRequiredComponents (10ms)
	FinalizeReload (837ms)
		ReleaseScriptCaches (0ms)
		RebuildScriptCaches (0ms)
		SetupLoadedEditorAssemblies (529ms)
			LogAssemblyErrors (0ms)
			InitializePlatformSupportModulesInManaged (15ms)
			SetLoadedEditorAssemblies (7ms)
			RefreshPlugins (0ms)
			BeforeProcessingInitializeOnLoad (110ms)
			ProcessInitializeOnLoadAttributes (349ms)
			ProcessInitializeOnLoadMethodAttributes (33ms)
			AfterProcessingInitializeOnLoad (15ms)
			EditorAssembliesLoaded (0ms)
		ExecutionOrderSort2 (0ms)
		AwakeInstancesAfterBackupRestoration (9ms)
Refreshing native plugins compatible for Editor in 1.68 ms, found 0 plugins.
Preloading 0 native plugins for Editor in 0.00 ms.
Unloading 1281 Unused Serialized files (Serialized files now loaded: 0)
Unloading 5 unused Assets / (23.9 KB). Loaded Objects now: 1858.
Memory consumption went from 78.0 MB to 77.9 MB.
Total: 3.189000 ms (FindLiveObjects: 0.165400 ms CreateObjectMapping: 0.069000 ms MarkObjects: 2.921500 ms  DeleteObjects: 0.031800 ms)

Prepare: number of updated asset objects reloaded= 0
AssetImportParameters requested are different than current active one (requested -> active):
  custom:video-encoder-webm-vp8: eb34c28f22e8b96e1ab97ce403110664 -> 
  custom:video-decoder-webm-vp8: 9c59270c3fd7afecdb556c50c9e8de78 -> 
  custom:audio-decoder-ogg-vorbis: bf7c407c2cedff20999df2af8eb42d56 -> 
  custom:SearchIndexIgnoredProperties: e643bd26f0fe6173181afceb89e7c659 -> 
  custom:container-demuxer-ogg: 62fdf1f143b41e24485cea50d1cbac27 -> 
  custom:AudioImporter_EditorPlatform: d09bf68614088b80899f8185d706f6e7 -> 
  custom:CustomObjectIndexerAttribute: 9a22284fe3817be447336de3de66b15e -> 
  custom:container-demuxer-webm: 4f35f7cbe854078d1ac9338744f61a02 -> 
  custom:scripting/monoscript/fileName/InflictStatusAbilityEffect.cs: f57ea1c84c587b56150f402f43b05054 -> 
  custom:video-decoder-ogg-theora: a1e56fd34408186e4bbccfd4996cb3dc -> 
  custom:audio-encoder-webm-vorbis: bf7c407c2cedff20999df2af8eb42d56 -> 
  custom:framework-win-MediaFoundation: 216162199b28c13a410421893ffa2e32 -> 
  custom:scripting/precompiled-assembly-types:Assembly-CSharp: 08109eacfb0e9cf7b9c4bb08e9ec16c9 -> 687dce7e8850a6467b2a8d4ee6f7cc37
  custom:container-muxer-webm: aa71ff27fc2769a1b78a27578f13a17b -> 
========================================================================
Received Prepare
Caller must complete domain reload
Begin MonoManager ReloadAssembly
- Loaded All Assemblies, in  0.641 seconds
Native extension for UWP target not found
Native extension for WindowsStandalone target not found
Mono: successfully reloaded assembly
- Finished resetting the current domain, in  0.834 seconds
Domain Reload Profiling: 1471ms
	BeginReloadAssembly (234ms)
		ExecutionOrderSort (0ms)
		DisableScriptedObjects (10ms)
		BackupInstance (0ms)
		ReleaseScriptingObjects (0ms)
		CreateAndSetChildDomain (31ms)
	RebuildCommonClasses (69ms)
	RebuildNativeTypeToScriptingClass (21ms)
	initialDomainReloadingComplete (55ms)
	LoadAllAssembliesAndSetupDomain (258ms)
		LoadAssemblies (369ms)
		RebuildTransferFunctionScriptingTraits (0ms)
		AnalyzeDomain (38ms)
			TypeCache.Refresh (10ms)
				TypeCache.ScanAssembly (2ms)
			ScanForSourceGeneratedMonoScriptInfo (19ms)
			ResolveRequiredComponents (8ms)
	FinalizeReload (835ms)
		ReleaseScriptCaches (0ms)
		RebuildScriptCaches (0ms)
		SetupLoadedEditorAssemblies (528ms)
			LogAssemblyErrors (0ms)
			InitializePlatformSupportModulesInManaged (15ms)
			SetLoadedEditorAssemblies (7ms)
			RefreshPlugins (0ms)
			BeforeProcessingInitializeOnLoad (99ms)
			ProcessInitializeOnLoadAttributes (359ms)
			ProcessInitializeOnLoadMethodAttributes (32ms)
			AfterProcessingInitializeOnLoad (15ms)
			EditorAssembliesLoaded (0ms)
		ExecutionOrderSort2 (0ms)
		AwakeInstancesAfterBackupRestoration (10ms)
Refreshing native plugins compatible for Editor in 1.53 ms, found 0 plugins.
Preloading 0 native plugins for Editor in 0.00 ms.
Unloading 1281 Unused Serialized files (Serialized files now loaded: 0)
Unloading 5 unused Assets / (23.9 KB). Loaded Objects now: 1861.
Memory consumption went from 78.0 MB to 77.9 MB.
Total: 3.617000 ms (FindLiveObjects: 0.156000 ms CreateObjectMapping: 0.062800 ms MarkObjects: 3.366400 ms  DeleteObjects: 0.030800 ms)

Prepare: number of updated asset objects reloaded= 0
AssetImportParameters requested are different than current active one (requested -> active):
  custom:video-encoder-webm-vp8: eb34c28f22e8b96e1ab97ce403110664 -> 
  custom:video-decoder-webm-vp8: 9c59270c3fd7afecdb556c50c9e8de78 -> 
  custom:audio-decoder-ogg-vorbis: bf7c407c2cedff20999df2af8eb42d56 -> 
  custom:SearchIndexIgnoredProperties: e643bd26f0fe6173181afceb89e7c659 -> 
  custom:container-demuxer-ogg: 62fdf1f143b41e24485cea50d1cbac27 -> 
  custom:AudioImporter_EditorPlatform: d09bf68614088b80899f8185d706f6e7 -> 
  custom:CustomObjectIndexerAttribute: 9a22284fe3817be447336de3de66b15e -> 
  custom:container-demuxer-webm: 4f35f7cbe854078d1ac9338744f61a02 -> 
  custom:scripting/monoscript/fileName/InflictStatusAbilityEffect.cs: f57ea1c84c587b56150f402f43b05054 -> 
  custom:video-decoder-ogg-theora: a1e56fd34408186e4bbccfd4996cb3dc -> 
  custom:audio-encoder-webm-vorbis: bf7c407c2cedff20999df2af8eb42d56 -> 
  custom:framework-win-MediaFoundation: 216162199b28c13a410421893ffa2e32 -> 
  custom:scripting/precompiled-assembly-types:Assembly-CSharp: 08109eacfb0e9cf7b9c4bb08e9ec16c9 -> 687dce7e8850a6467b2a8d4ee6f7cc37
  custom:container-muxer-webm: aa71ff27fc2769a1b78a27578f13a17b -> 
========================================================================
Received Prepare
Refreshing native plugins compatible for Editor in 1.58 ms, found 0 plugins.
Preloading 0 native plugins for Editor in 0.00 ms.
Unloading 1 Unused Serialized files (Serialized files now loaded: 0)
Unloading 1 unused Assets / (3.1 KB). Loaded Objects now: 1861.
Memory consumption went from 58.2 MB to 58.2 MB.
Total: 3.610000 ms (FindLiveObjects: 0.169600 ms CreateObjectMapping: 0.067800 ms MarkObjects: 3.351100 ms  DeleteObjects: 0.020400 ms)

Prepare: number of updated asset objects reloaded= 0
AssetImportParameters requested are different than current active one (requested -> active):
  custom:video-encoder-webm-vp8: eb34c28f22e8b96e1ab97ce403110664 -> 
  custom:video-decoder-webm-vp8: 9c59270c3fd7afecdb556c50c9e8de78 -> 
  custom:audio-decoder-ogg-vorbis: bf7c407c2cedff20999df2af8eb42d56 -> 
  custom:SearchIndexIgnoredProperties: e643bd26f0fe6173181afceb89e7c659 -> 
  custom:container-demuxer-ogg: 62fdf1f143b41e24485cea50d1cbac27 -> 
  custom:AudioImporter_EditorPlatform: d09bf68614088b80899f8185d706f6e7 -> 
  custom:CustomObjectIndexerAttribute: 9a22284fe3817be447336de3de66b15e -> 
  custom:container-demuxer-webm: 4f35f7cbe854078d1ac9338744f61a02 -> 
  custom:scripting/monoscript/fileName/InflictStatusAbilityEffect.cs: f57ea1c84c587b56150f402f43b05054 -> 
  custom:video-decoder-ogg-theora: a1e56fd34408186e4bbccfd4996cb3dc -> 
  custom:audio-encoder-webm-vorbis: bf7c407c2cedff20999df2af8eb42d56 -> 
  custom:framework-win-MediaFoundation: 216162199b28c13a410421893ffa2e32 -> 
  custom:scripting/precompiled-assembly-types:Assembly-CSharp: 08109eacfb0e9cf7b9c4bb08e9ec16c9 -> 687dce7e8850a6467b2a8d4ee6f7cc37
  custom:container-muxer-webm: aa71ff27fc2769a1b78a27578f13a17b -> 
